Case Number,Title,URL Slug,Category,Teaser,Subject Name,Subject Title,Subject Party,Status,Record Locked,Has Video,Self-Own Score,AI Score,Word Count,Citations,Published At,Live URL
CB-000004,Pastor Vernon Mills Preaches Against Immigration. Public Records Show All Four of His Grandparents Were Immigrants.,vernon-mills-anti-immigration-pastor-immigrant-grandparents,Religion,The genealogical records predate the political position by about 80 years.,Vernon Mills,"Pastor, Cornerstone Fellowship Church",,published,Yes,No,10,20,583,2,2024-02-20,https://clownbinge.replit.app/case/vernon-mills-anti-immigration-pastor-immigrant-grandparents
CB-000035,"The Receipts on the Platforms: Facebook, X, YouTube, and TikTok Are the Largest Disinformation Infrastructure Ever Built. The Documents Say So. The Platforms Say So.",social-media-disinformation-platforms-facebook-x-youtube-tiktok-receipts,Technology,The Facebook Papers were filed with the Securities and Exchange Commission. The congressional testimony is in the public record. The Indiana University study has a methodology section. This is not an opinion piece about social media. It is ,,,,published,Yes,No,,23,2480,8,2026-03-21,https://clownbinge.replit.app/case/social-media-disinformation-platforms-facebook-x-youtube-tiktok-receipts
CB-000036,Is Meta Anti-Palestine? ClownBinge Reviewed the Documents. Here Is What the Record Actually Shows.,meta-anti-palestine-investigation-documents-bsr-hrw-drop-site,Investigations,"Meta commissioned its own independent investigation. That investigation found adverse human rights impacts on Palestinian users. Meta then committed to fixing the documented problems. Two years later, Human Rights Watch documented 1,050 cas",Meta Platforms Inc.,"Parent company of Facebook, Instagram, and WhatsApp",,published,Yes,No,,30,1871,5,2026-03-21,https://clownbinge.replit.app/case/meta-anti-palestine-investigation-documents-bsr-hrw-drop-site
CB-000011,Gateway Church Founder Robert Morris Indicted on Child Sex Abuse Charges After Years of Preaching Child Protection,robert-morris-gateway-church-indicted-child-sex-abuse-oklahoma-2025,Religion,"Robert Morris, the founding pastor of Gateway Church in Southlake, Texas, was indicted in Oklahoma on five counts of lewd or indecent acts with a child on March 12, 2025. The charges follow public allegations by victim Cindy Clemishire, who",Robert Morris,"Founding Pastor, Gateway Church",Republican,published,Yes,No,9,20,1487,1,2026-03-22,https://clownbinge.replit.app/case/robert-morris-gateway-church-indicted-child-sex-abuse-oklahoma-2025
CB-000012,"Gateway Church Founder Robert Morris Pleads Guilty to Child Sex Abuse, Decades After Championing Child Protection Laws",robert-morris-gateway-church-guilty-plea-child-sex-abuse-2025,Religion,"Robert Morris, founding pastor of Gateway Church and one-time spiritual adviser to President Trump, pleaded guilty to five counts of lewd and indecent acts with a child in Oklahoma. The abuse began in 1982, when the victim was 12 years old.",Robert Morris,"Founding Pastor, Gateway Church",Republican,published,Yes,No,9,19,993,1,2026-03-22,https://clownbinge.replit.app/case/robert-morris-gateway-church-guilty-plea-child-sex-abuse-2025
CB-000013,"Mitchell Summerfield: Raleigh Pastor Pleads Guilty to Stealing Over $400,000 in COVID Relief Funds",mitchell-summerfield-word-of-god-fellowship-ppp-fraud-guilty-plea-2025,Religion,"Mitchell Summerfield, pastor of Word of God Fellowship Church in Raleigh, North Carolina, pleaded guilty on May 27, 2025 to conspiracy to commit bank fraud and wire fraud. He fraudulently obtained more than $400,000 in federal COVID-19 reli",Mitchell Summerfield,"Pastor, Word of God Fellowship Church",None,published,Yes,No,8,8,1151,1,2026-03-22,https://clownbinge.replit.app/case/mitchell-summerfield-word-of-god-fellowship-ppp-fraud-guilty-plea-2025
CB-000014,Brooklyn Pastor Paul Mitchell Pleads Guilty to Tax Evasion After Using Church Funds as Personal Luxury Account,paul-mitchell-brooklyn-pastor-tax-evasion-guilty-plea-2025,Religion,"Paul Mitchell, lead pastor of a Brooklyn church and president of its affiliated daycare, pleaded guilty to tax evasion after spending years charging personal luxuries to his organizations' credit cards. The items purchased included men's cl",Paul Mitchell,Lead Pastor and Daycare President,None,published,Yes,No,8,7,1381,1,2026-03-22,https://clownbinge.replit.app/case/paul-mitchell-brooklyn-pastor-tax-evasion-guilty-plea-2025
CB-000015,John McKinzie: Second Frisco Megachurch Pastor Resigns Over Sexual Sin and Moral Failure in 2025,john-mckinzie-hope-fellowship-frisco-second-pastor-resignation-sexual-sin-2025,Religion,"John McKinzie, lead pastor of Hope Fellowship Church in Frisco, Texas, resigned on September 14, 2025 after confessing to sexual sin and moral failure before church leadership. He was the second pastor at the same megachurch to step down ov",John McKinzie,"Lead Pastor, Hope Fellowship Church",None,published,Yes,No,7,3,984,1,2026-03-22,https://clownbinge.replit.app/case/john-mckinzie-hope-fellowship-frisco-second-pastor-resignation-sexual-sin-2025
CB-000016,Operation False Profit: Federal Indictment Charges House of Prayer Leader Rony Denis with Defrauding Military Veterans,rony-denis-house-of-prayer-operation-false-profit-indictment-2025,Religion,"A federal court unsealed a 26-count indictment against Rony Denis and seven associates at House of Prayer Christian Churches in Hinesville, Georgia, charging them with conspiracy to commit bank fraud, wire fraud, and filing false tax return",Rony Denis,"Leader, House of Prayer Christian Churches",None,published,Yes,No,9,24,1317,1,2026-03-22,https://clownbinge.replit.app/case/rony-denis-house-of-prayer-operation-false-profit-indictment-2025
CB-000017,"Pastor Who Knew Kept Quiet, Then Kept His Job, Then Didn't: Brady Boyd's New Life Ends Early",brady-boyd-new-life-church-robert-morris-misconduct-resignation-2025,Religion,"Brady Boyd, senior pastor of New Life Church in Colorado Springs, resigned in June 2025 after court documents revealed he had known about fellow pastor Robert Morris's prior misconduct for years. Church leadership concluded Boyd had shared ",Brady Boyd,"Senior Pastor, New Life Church",None,published,Yes,No,7,57,1242,1,2026-03-22,https://clownbinge.replit.app/case/brady-boyd-new-life-church-robert-morris-misconduct-resignation-2025
CB-000018,"Dillon Awes: Texas Pastor Calls for Execution of Gay People, Then His Own Church Implodes",dillon-awes-stedfast-baptist-execution-sermon-church-split,Religion,"Pastor Dillon Awes of Stedfast Baptist Church delivered a sermon calling for gay people to be shot in the back of the head. Shortly after, his church's lead pastor was exposed for soliciting prostitutes and gambling, forcing the congregatio",Dillon Awes,"Pastor, Stedfast Baptist Church",None,published,Yes,No,9,28,952,2,2026-03-22,https://clownbinge.replit.app/case/dillon-awes-stedfast-baptist-execution-sermon-church-split
CB-000019,"Jonathan Shelley: Texas Pastor Demanded Death for Gay People, Then Got Caught Soliciting Prostitutes",jonathan-shelley-stedfast-baptist-death-penalty-homosexuality-prostitution-scandal,Religion,"Jonathan Shelley, lead pastor of Stedfast Baptist Church in Watauga, Texas, told an Arlington City Council meeting that God requires the government to execute gay people. His personal conduct, which included soliciting prostitutes and gambl",Jonathan Shelley,"Lead Pastor, Stedfast Baptist Church",None,published,Yes,No,9,16,1113,1,2026-03-22,https://clownbinge.replit.app/case/jonathan-shelley-stedfast-baptist-death-penalty-homosexuality-prostitution-scandal
CB-000020,"Kenneth Copeland Blows COVID Away on Live TV, Asks Fans to Pay for the Jet He Used to Avoid Them",kenneth-copeland-covid-wind-of-god-blow-televised-2020,Religion,"Televangelist Kenneth Copeland, whose ministry funds support a reported three private jets, conducted a live televised ritual in April 2020 claiming to destroy COVID-19 by blowing through a camera. The same man who called commercial air tra",Kenneth Copeland,"Founder and Senior Pastor, Eagle Mountain International Church",None,published,Yes,No,7,15,1284,1,2026-03-22,https://clownbinge.replit.app/case/kenneth-copeland-covid-wind-of-god-blow-televised-2020
CB-000021,Televangelist Jesse Duplantis Asks Followers to Buy Him a Fourth Private Jet Because Jesus Wouldn't Ride a Donkey,jesse-duplantis-fourth-private-jet-54-million-fundraising-2018,Religion,"Louisiana televangelist Jesse Duplantis, already the owner of three private jets, broadcast a fundraising appeal in May 2018 asking his followers to collectively purchase him a $54 million Dassault Falcon 7X. His theological justification: ",Jesse Duplantis,"Founder, Jesse Duplantis Ministries",None,published,Yes,No,7,29,1210,1,2026-03-22,https://clownbinge.replit.app/case/jesse-duplantis-fourth-private-jet-54-million-fundraising-2018
CB-000022,Paula White Calls on Angels From Two Continents to Overturn an Election She Did Not Win,paula-white-angel-prayer-election-2020-africa-south-america,Religion,"Trump's personal pastor and White House faith adviser delivered a prayer on November 5, 2020 invoking angels from Africa and South America to intervene in U.S. election results. The spectacle raised pointed questions about the relationship ",Paula White,"Senior Pastor, City of Destiny Church; Former Special Adviser to President Trump",Republican,published,Yes,No,7,10,1103,1,2026-03-22,https://clownbinge.replit.app/case/paula-white-angel-prayer-election-2020-africa-south-america
CB-000023,"Greg Locke Divorced His Wife of 21 Years and Married His Secretary, Having Previously Condemned Pastors Who Do Exactly That",greg-locke-divorce-remarriage-secretary-global-vision-bible-church-2022,Religion,Greg Locke spent years publicly shaming other pastors for moral failures involving divorce and remarriage. Then he divorced his wife of 21 years and married his church secretary within the same calendar year.,Greg Locke,"Lead Pastor, Global Vision Bible Church",None,published,Yes,No,8,51,975,1,2026-03-22,https://clownbinge.replit.app/case/greg-locke-divorce-remarriage-secretary-global-vision-bible-church-2022
CB-000024,"Celebrity Pastor Carl Lentz Fired From Hillsong New York After Admitting Infidelity, Later Accused of Sexual Coercion",carl-lentz-hillsong-new-york-fired-infidelity-sexual-coercion-2020,Religion,"Carl Lentz built a celebrity-studded congregation at Hillsong New York on a foundation of preaching sexual integrity and moral leadership. In November 2020, he was fired for moral failures and later admitted to infidelity. A former housekee",Carl Lentz,"Former Lead Pastor, Hillsong Church New York",None,published,Yes,No,8,33,1223,1,2026-03-22,https://clownbinge.replit.app/case/carl-lentz-hillsong-new-york-fired-infidelity-sexual-coercion-2020
CB-000025,"Hillsong Founder Brian Houston Resigns After Investigation Finds Misconduct Toward Women, Failure to Report Father's Abuse",brian-houston-hillsong-founder-resigns-misconduct-investigation-2022,Religion,"Brian Houston, the man who built Hillsong Church into a global moral authority, resigned in March 2022 after an independent investigation found he had behaved inappropriately toward two women and failed to report his own father's child sexu",Brian Houston,"Founder and Global Senior Pastor, Hillsong Church",None,published,Yes,No,9,30,1137,2,2026-03-22,https://clownbinge.replit.app/case/brian-houston-hillsong-founder-resigns-misconduct-investigation-2022
CB-000026,Creflo Dollar's $65 Million Prayer: Pastor Asks Flock to Buy Him a Third Jet,creflo-dollar-65-million-gulfstream-jet-fundraiser-2015,Religion,Prosperity gospel pastor Creflo Dollar launched a campaign in March 2015 asking supporters to collectively donate $65 million for a Gulfstream G650 private jet. Dollar was already operating two Gulfstream jets at the time and simultaneously,Creflo Dollar,"Senior Pastor, World Changers Church International",None,published,Yes,No,8,17,1168,1,2026-03-22,https://clownbinge.replit.app/case/creflo-dollar-65-million-gulfstream-jet-fundraiser-2015
CB-000028,"Mark Driscoll Built Two Churches on Accountability Theology, Then Failed Every Accountability Test",mark-driscoll-mars-hill-trinity-church-abuse-pattern,Religion,"Mark Driscoll preached male authority, spiritual submission, and pastoral accountability for two decades while systematically avoiding all three. After being forced out of Mars Hill Church in Seattle, he simply founded a new church in Scott",Mark Driscoll,"Founder, Mars Hill Church; Founder, Trinity Church",None,published,Yes,No,8,45,1312,2,2026-03-22,https://clownbinge.replit.app/case/mark-driscoll-mars-hill-trinity-church-abuse-pattern
CB-000029,NewSpring Founder Perry Noble Fired Over Alcohol Abuse After Preaching Discipline From the Pulpit,perry-noble-newspring-church-fired-alcohol-abuse-2016,Religion,"Perry Noble built one of South Carolina's largest megachurches by preaching personal discipline and the dangers of addiction. In July 2016, his own board of directors fired him for alcohol abuse and its effects on his marriage.",Perry Noble,"Founder and Former Senior Pastor, NewSpring Church",None,published,Yes,No,7,44,1015,1,2026-03-22,https://clownbinge.replit.app/case/perry-noble-newspring-church-fired-alcohol-abuse-2016
CB-000060,"No, Black Americans Do Not Commit More Violent Crime. ClownBinge Deconstructs the Racist Narratives That Hurt, With Empirical Data.",no-black-americans-violent-crime-racist-narrative-2024,Nerd Out,"The claim circulates at congressional hearings and cable news panels: FBI data proves Black Americans commit more violent crime. The primary sources say otherwise. Here is what the Bureau of Justice Statistics, the Stanford Open Policing Pr",,,,published,Yes,No,,34,2424,3,2026-03-22,https://clownbinge.replit.app/case/no-black-americans-violent-crime-racist-narrative-2024
CB-000030,"Harvest Spoiled: James MacDonald Fired After Recordings, Fraud Allegations, and a Hunting Ranch on the Lord's Dime",james-macdonald-harvest-bible-chapel-fired-fraud-hunting-ranch-2019,Religion,"James MacDonald built Harvest Bible Chapel into a congregation of 13,000 before his elders fired him in February 2019 after recordings captured him making vulgar statements about colleagues and a journalist. Subsequent reporting documented ",James MacDonald,"Founder and Former Senior Pastor, Harvest Bible Chapel",None,published,Yes,No,8,18,1165,1,2026-03-22,https://clownbinge.replit.app/case/james-macdonald-harvest-bible-chapel-fired-fraud-hunting-ranch-2019
CB-000031,"Bishop Eddie Long, Crusader Against Same-Sex Marriage, Faces Lawsuits Alleging Sexual Coercion of Teenage Boys",eddie-long-new-birth-missionary-baptist-same-sex-marriage-lawsuits-2010,Religion,"Bishop Eddie Long built a national profile as a defender of traditional marriage and a vocal opponent of same-sex relationships. In September 2010, four young men filed lawsuits alleging he had used his spiritual authority and material gift",Eddie Long,"Senior Pastor, New Birth Missionary Baptist Church",None,published,Yes,No,9,43,1717,2,2026-03-22,https://clownbinge.replit.app/case/eddie-long-new-birth-missionary-baptist-same-sex-marriage-lawsuits-2010
CB-000032,Ted Haggard: God's Loudest Anti-Gay Voice Was Paying a Male Escort for Three Years,ted-haggard-male-escort-meth-nae-resignation-2006,Religion,"Ted Haggard, president of the National Association of Evangelicals and a leading opponent of gay marriage, resigned in November 2006 after a male escort alleged Haggard had been his client for three years. The escort also alleged Haggard ha",Ted Haggard,"Former President, National Association of Evangelicals; Founder, New Life Church",Republican,published,Yes,No,9,31,1037,2,2026-03-22,https://clownbinge.replit.app/case/ted-haggard-male-escort-meth-nae-resignation-2006
CB-000033,"Tony Spell: Louisiana Pastor Defies Government Authority, Then Cashes Government Check",tony-spell-life-tabernacle-ppp-loan-government-authority-hypocrisy,Religion,"Tony Spell rallied over 1,000 congregants in defiance of Louisiana's pandemic emergency order, declaring the government had no authority over his church. He then applied for and accepted a federal Paycheck Protection Program loan from that ",Tony Spell,"Lead Pastor, Life Tabernacle Church",None,published,Yes,No,7,20,1123,2,2026-03-22,https://clownbinge.replit.app/case/tony-spell-life-tabernacle-ppp-loan-government-authority-hypocrisy
CB-000034,Rodney Howard-Browne: Pastor Who Preached Divine Healing Over Medicine Got Arrested for Spreading a Pandemic,rodney-howard-browne-arrested-covid-church-services-tampa-2020,Religion,"Rodney Howard-Browne, founder of The River at Tampa Bay Church, was arrested in March 2020 after holding packed services in defiance of a county stay-at-home order. The pastor who taught that God's healing trumps medical authority had quiet",Rodney Howard-Browne,"Founder and Senior Pastor, The River at Tampa Bay Church",None,published,Yes,No,7,19,1174,1,2026-03-22,https://clownbinge.replit.app/case/rodney-howard-browne-arrested-covid-church-services-tampa-2020
CB-000005,Patricia Holden Voted to Ban Diversity Books. Her Daughter Was Already Enrolled in USC's Mandatory DEI Program.,patricia-holden-diversity-book-ban-daughter-dei-university,Self Owned,"The same month the ban passed, enrollment deposits were due.",Patricia Holden,School Board Member,Republican,published,Yes,No,8,9,535,1,2026-03-22,https://clownbinge.replit.app/case/patricia-holden-diversity-book-ban-daughter-dei-university
CB-000002,Rep. Dale Hartwick Caught on C-SPAN Calling His Own Immigration Bill 'Political Theater for the Base',dale-hartwick-immigration-bill-political-theater-cspan,Self Owned,C-SPAN cameras are always on. This is a lesson some elected officials never learn.,Dale Hartwick,U.S. Representative,Republican,published,Yes,Yes,8,13,757,1,2026-03-22,https://clownbinge.replit.app/case/dale-hartwick-immigration-bill-political-theater-cspan
CB-000008,Sen. Bob Corker Vowed Not to Vote for Any Bill That Added 'One Penny' to the Deficit. Then He Voted for One That Added $1.9 Trillion.,bob-corker-tax-cuts-jobs-act-deficit-vote-flip,Self Owned,"GovTrack Senate Vote #303 and Vote #323 are two separate roll call records, eighteen days apart, with the same senator's name on opposite sides of the same argument. The Congressional Budget Office did the math. So did Corker, eventually.",Bob Corker,"U.S. Senator, Tennessee (Retired)",Republican,published,Yes,No,9,9,1827,3,2026-03-22,https://clownbinge.replit.app/case/bob-corker-tax-cuts-jobs-act-deficit-vote-flip
CB-000009,Sen. Tommy Tuberville Voted Against Alabama's $1.4 Billion in Broadband Funding. Then Called It 'Crucial.' The President of the United States Responded.,tommy-tuberville-broadband-infrastructure-vote-biden-mockery,Self Owned,"Senate Vote #432 from August 10, 2021 shows Tuberville as one of 30 Republican no votes on the Infrastructure Investment and Jobs Act. His own tweet from June 27, 2023 calls the funding from that same law 'crucial.' The sitting president qu",Tommy Tuberville,"U.S. Senator, Alabama",Republican,published,Yes,No,8,26,1425,4,2026-03-22,https://clownbinge.replit.app/case/tommy-tuberville-broadband-infrastructure-vote-biden-mockery
CB-000003,Texas AG Rick Donahue Is Suing Companies For What His Own Law Firm Did For Six Years,rick-donahue-texas-ag-suing-companies-own-law-firm-did,Self Owned,The lawsuit was filed March 3rd. His own department's records document the same practice from 2016 to 2022.,Rick Donahue,State Attorney General,Republican,published,Yes,No,9,19,702,1,2026-03-22,https://clownbinge.replit.app/case/rick-donahue-texas-ag-suing-companies-own-law-firm-did
CB-000006,"Adams County Deputies Raided Afroman's Home, Found Nothing, Then Sued Him. He Made Grammy-Nominated Art About It.",afroman-sued-harassers-into-museum-exhibit,Anti Racist Heroes,"When police raided his home on a drug tip that yielded nothing, he turned the surveillance footage into art. Then merch. Then a lawsuit.",Afroman (Joseph Foreman),Recording Artist,,published,Yes,No,,14,702,2,2026-03-22,https://clownbinge.replit.app/case/afroman-sued-harassers-into-museum-exhibit
CB-000037,"Judaism Is the Oldest Abrahamic Religion. It Is Ancient. Zionism Is a Political Idea. This Distinction Is Critical, Now More Than Ever.",judaism-zionism-distinction-documented-record-2026,Us History,"Judaism is one of humanity's oldest living spiritual traditions, sustained continuously for approximately 3,500 years. Zionism is a 19th-century political movement founded at a congress in Basel in 1897. The documented record of Jewish theo",,,,published,Yes,No,,19,1686,7,2026-03-22,https://clownbinge.replit.app/case/judaism-zionism-distinction-documented-record-2026
CB-000001,Sen. James Whitmore Claims He Never Voted For The Bill He Voted For,james-whitmore-voted-for-bill-he-publicly-denied,Self Owned,The Congressional Record does not care about your selective memory. Neither does ClownBinge.,James Whitmore,U.S. Senator,Republican,published,Yes,No,9,37,776,1,2026-03-22,https://clownbinge.replit.app/case/james-whitmore-voted-for-bill-he-publicly-denied
CB-000038,CNN. MS NOW. Fox News. The Documents Confirm What They Are. ClownBinge Is A Primary Source Fountain.,cable-news-binary-media-bias-cnn-msnbc-fox-documented-record-2026,Investigations,Frederick Douglass wrote that power concedes nothing without a demand. Dr. King wrote that hate is too great a burden to bear. The Dalai Lama has documented that love is the absence of judgment. None of those three positions require the aba,,,,published,Yes,No,,27,1875,5,2026-03-22,https://clownbinge.replit.app/case/cable-news-binary-media-bias-cnn-msnbc-fox-documented-record-2026
CB-000010,Prophet Brian Carn's Betrayal of Christ and the Black Community - A Cataclysmic Self-Own,brian-carn-false-prophecy-irs-guilty-plea-sexual-misconduct,Self Owned,"A guilty plea filed in federal court, a psychic's 2014 YouTube video, and a Department of Justice press release are three separate documents. They all have Brian Carn's name on them. None of them were written by his critics.",Brian Carn Jr.,"Self-described Prophet, General Overseer of Kingdom City Church and City Church International Fellowship",None,published,Yes,No,10,4,1661,2,2026-03-22,https://clownbinge.replit.app/case/brian-carn-false-prophecy-irs-guilty-plea-sexual-misconduct
CB-000039,What the FBI's Crime Data Actually Says. And What It Has Never Said.,fbi-crime-data-race-what-it-actually-says,Law And Justice,The Federal Bureau of Investigation has been collecting crime data since 1930. The Bureau of Justice Statistics has been publishing victimization surveys since 1972. Neither agency has ever published a finding that says what millions of Ame,,,,published,Yes,No,,9,1741,5,2026-03-22,https://clownbinge.replit.app/case/fbi-crime-data-race-what-it-actually-says
CB-000042,Diversity Denial: The United States Has Conducted This Experiment Before. The Primary Source Record Shows Exactly What Was Lost.,diversity-denial-primary-source-record-what-was-lost,Us History,"Every time the United States narrowed the pool, the federal record documents a measurable cost. Every time it drew from its full range of human talent, the record documents a measurable return. This is not a debate. This is a ledger.",United States Federal Government,Federal Institutional Record,,published,Yes,No,,19,2683,7,2026-03-22,https://clownbinge.replit.app/case/diversity-denial-primary-source-record-what-was-lost
CB-000059,Harriet Tubman Never Lost an Enslaved Passenger. Irena Sendler Never Gave Up a Jew. A Primary Source Record of Two Women Who Refused to Fail.,they-did-not-have-to-primary-source-record-human-selflessness,How It Works,They had nothing in common. One was a woman born into American slavery who could not read. One was a Japanese diplomat trained in a bureaucracy that valued protocol above everything. One was a Polish Catholic social worker. One was a Soviet,,,,published,Yes,No,,44,3387,7,2026-03-22,https://clownbinge.replit.app/case/they-did-not-have-to-primary-source-record-human-selflessness
CB-000007,"Absurd: Sen. Ted Cruz Claims 'Christ is King' is Anti-Jewish. Yes He Actually Said it. Except, Of Course, Jesus Was Jewish.",ted-cruz-christ-is-king-antisemitic-aipac,Self Owned,"In a March 2026 CBN News interview, the Texas senator told a Christian audience that one of Christianity's oldest theological affirmations is, in his words, 'I hate the Jews.' His evangelical base responded immediately. So did the FEC recor",Ted Cruz,U.S. Senator,Republican,published,Yes,No,10,15,1367,2,2026-03-22,https://clownbinge.replit.app/case/ted-cruz-christ-is-king-antisemitic-aipac
CB-000056,"The Strongest Thing: What the Research Has Always Known About Love, Healing, and Long Life",the-strongest-thing-research-love-healing-long-life,Health And Healing,"Western culture assigned love, forgiveness, and emotional repair to the category of softness. The longitudinal health data filed a different report. Across eight decades of peer-reviewed research, the finding is consistent: the people who l",,,,published,Yes,No,,53,1855,5,2026-03-22,https://clownbinge.replit.app/case/the-strongest-thing-research-love-healing-long-life
CB-000057,Woke Is Not a Slur. Using It Like One Is as American as Apple Pie: A Chronology of Black Liberation and Survival,woke-is-not-a-slur-chronology-black-liberation-survival,Us History,"In 1938, Huddie Ledbetter, known as Leadbelly, recorded a song about nine Black teenagers falsely accused of rape in Alabama. At the end, he told Black Americans to stay woke. He meant: pay attention. The threat is real. The word has always",,,,published,Yes,No,,38,2132,5,2026-03-22,https://clownbinge.replit.app/case/woke-is-not-a-slur-chronology-black-liberation-survival
CB-000058,Two Parties Cannot Represent 335 Million People. The Math Has Never Worked. The Record Proves It.,a-roadmap-home-requiem-american-statesman,Us History,"America does not have a shortage of capable legislators. It has a structural crisis. The two-party system compresses the full range of human political belief into two bins, then demands that everyone governing a nation of 335 million people",,,,published,Yes,No,,23,2328,12,2026-03-22,https://clownbinge.replit.app/case/a-roadmap-home-requiem-american-statesman
CB-000054,"Neither Columbus Nor George Washington Had a Visa: An American Chronology of Death, Displacement, Theatrical Property Rights and the Historical Meaning of Illegal",columbus-george-washington-illegal-american-chronology-displacement,Us History,"The United States Congress debates illegal immigration. Most of its members descend from people who arrived without permission and took land that was not theirs. Some descend from people who were brought here in chains, with no agency and n",,,,published,Yes,No,,45,2539,5,2026-03-22,https://clownbinge.replit.app/case/columbus-george-washington-illegal-american-chronology-displacement
CB-000043,Ketanji Brown Jackson Wrote in Her High School Yearbook That She Wanted to Be a Judge. The Federal Record Confirms She Became One. Three Decades of Hard Work Proved It Wasn't DEI.,ketanji-brown-jackson-federal-record-confirmation-hearing,Women And Girls,The American Bar Association interviewed more than 250 attorneys and judges with direct knowledge of her work and rated her unanimously Well Qualified. That is the ABA's highest possible rating. The confirmation hearing transcript is Senate,Ketanji Brown Jackson,"Associate Justice, Supreme Court of the United States",,published,Yes,No,,48,1986,4,2026-03-22,https://clownbinge.replit.app/case/ketanji-brown-jackson-federal-record-confirmation-hearing
CB-000045,The United States Is Paying $2.8 Billion Per Day in Interest on Its Debt. The Congressional Record Documents Who Voted for Every Dollar of It.,national-debt-military-spending-interest-payments-generational-cost,Money And Power,"As of March 17, 2026, the gross national debt of the United States exceeded $39 trillion for the first time in history. The GAO has audited the figure. The CBO has projected its trajectory. The Congressional Record documents every vote that",U.S. Congress,Legislative Branch of the United States Government,,published,Yes,No,,29,2002,11,2026-03-22,https://clownbinge.replit.app/case/national-debt-military-spending-interest-payments-generational-cost
CB-000044,"The Gentleman Was a Military Concept. The Lady Was a Legal Architecture. The Primary Source Record Documents What Both Cost American Women, and What They Built Anyway.",gentleman-lady-chivalry-history-primary-source-american-women,Women And Girls,"The word chivalry derives from the Old French chevalerie, meaning horse soldiery. The word lady derives from the Old English hlæfdige, meaning the one who kneads bread. Neither word, in its documented origin, has anything to do with honorin",American Women,Historical and Contemporary Record,,published,Yes,No,,23,2711,7,2026-03-22,https://clownbinge.replit.app/case/gentleman-lady-chivalry-history-primary-source-american-women
CB-000040,We Hold These Truths. What the 2026 Record Is Doing to Them.,we-hold-these-truths-2026-constitutional-record,Us Constitution,"Americans are not required to agree with one another. The Constitution does not ask for agreement. It asks for something harder: equal protection of everyone, without exception. The founding documents of the United States are primary source",,,,published,Yes,No,,44,1857,5,2026-03-22,https://clownbinge.replit.app/case/we-hold-these-truths-2026-constitutional-record
CB-000041,"The United States Was Built by Indigenous Nations, Enslaved Africans, and Immigrants. The Primary Source Record Confirms Each.",cb-000041-united-states-built-by-immigrants-record-confirms-it,Us History,"A primary source accounting of what immigrants, enslaved Africans, Indigenous First Nations, and the native peoples of the Southwest built, cultivated, and contributed to America. The record is long because their contributions are long. It ",,,,published,Yes,No,,15,4189,13,2026-03-23,https://clownbinge.replit.app/case/cb-000041-united-states-built-by-immigrants-record-confirms-it
CB-000046,The Vanishing Act: How CNN's 2020 Diversity Pledge Disappeared Inside a $40 Billion Debt Load,cnn-vanishing-act-wbd-debt-eeoc-audit,Censorship,"In 2020, CNN president Jeff Zucker called race coverage a permanent, sustained commitment. By July 2024, CNN CEO Mark Thompson had disbanded the team that existed to fulfill it. The SEC filings, federal employment data, and internal memos d",,,,published,Yes,No,,33,961,4,2026-03-23,https://clownbinge.replit.app/case/cnn-vanishing-act-wbd-debt-eeoc-audit
CB-000047,The Second Amendment Has a Race Problem. The Primary Source Record Documents It.,second-amendment-racial-disparity-philando-castile,Us Constitution,"Philando Castile had a legal firearm, a valid concealed carry permit, and disclosed he was armed before he was shot seven times. The officer was acquitted. The NRA, which exists to defend licensed gun owners, issued a statement five days la",,,,published,Yes,No,,46,1287,5,2026-03-23,https://clownbinge.replit.app/case/second-amendment-racial-disparity-philando-castile
CB-000048,The Elimination Program Failed. The Census Confirms It. The First Nations Are Here.,first-nations-survival-census-record-us-history,Us History,"The United States government executed a documented, multi-century legal and military campaign designed to eliminate Indigenous peoples from the North American continent. The 2020 Census records 9.7 million people who identify as American In",,,,published,Yes,No,,40,1408,6,2026-03-24,https://clownbinge.replit.app/case/first-nations-survival-census-record-us-history
CB-000049,What the First Nations Knew First: A Documented Inventory of Knowledge Modern America Is Still Catching Up To,first-nations-knowledge-inventory-medicine-ecology-engineering,Us History,"This is not a spiritual piece. It is an inventory. Across medicine, agriculture, fire ecology, engineering, and mental health, the primary source record documents a consistent pattern: Indigenous nations held working knowledge of systems th",,,,published,Yes,No,,25,1391,6,2026-03-24,https://clownbinge.replit.app/case/first-nations-knowledge-inventory-medicine-ecology-engineering
CB-000050,Give Me Your Tired: The Primary Source Record of Who Made Them Tired in the First Place,give-me-your-tired-us-foreign-policy-immigration-global-south,Global South,Emma Lazarus wrote the promise in 1883. The CIA wrote the policy memos in 1954. The IMF wrote the structural adjustment conditions in the 1980s. The State Department co-signed the 2009 coup. The primary source record of American immigration,,,,published,Yes,No,,33,1420,6,2026-03-24,https://clownbinge.replit.app/case/give-me-your-tired-us-foreign-policy-immigration-global-south
CB-000051,The Arithmetic of Presence: What the 2020 and 2025 Census Records Actually Document About White America. A ClownBinge Exclusive.,arithmetic-of-presence-census-2020-2025-white-america,Us History,The claim that White America is being 'replaced' or 'erased' has circulated in political discourse at the highest levels of American media and government. ClownBinge does not characterize the claim. It documents whether the claim is arithme,,,,published,Yes,No,,24,1917,6,2026-03-24,https://clownbinge.replit.app/case/arithmetic-of-presence-census-2020-2025-white-america
CB-000052,The Clinical Cost of the Label: A Documented Inventory of How 'DEI' as a Variable Produces Measurable Dehumanization,dei-label-clinical-cost-documented-inventory,Investigations,"When an institution replaces 'Subject Matter Expert' with 'DEI Candidate,' it is not making a personnel decision. It is retroactively reclassifying 18,000 hours of documented, credentialed labor as a three-letter administrative placeholder.",,,,published,Yes,No,,19,1573,5,2026-03-24,https://clownbinge.replit.app/case/dei-label-clinical-cost-documented-inventory
CB-000053,"Fake News, Foucault, and Durkheim: Trump's Term Has Prophetic Roots",fake-news-foucault-durkheim-trump-prophetic-roots,Nerd Out,"Émile Durkheim published The Rules of Sociological Method in 1895. Michel Foucault delivered 'The Order of Discourse' in 1970. Donald Trump used the phrase 'fake news' 2,019 documented times during his first term. This article does not argu",,,,published,Yes,No,,15,1656,4,2026-03-24,https://clownbinge.replit.app/case/fake-news-foucault-durkheim-trump-prophetic-roots
CB-000055,Beyond Hopes & Dreams: Planning for Wealth Isn't Fantasy. It's The Only Way.,beyond-social-security-what-to-build-before-the-clock-runs-out,Money And Power,"The 2024 Social Security Trustees Report projects Trust Fund depletion by 2035. After that, ongoing payroll taxes cover approximately 83 cents of every promised dollar. The scholars have been publishing this data for two decades. Here is wh",,,,published,Yes,No,,23,2862,6,2026-03-24,https://clownbinge.replit.app/case/beyond-social-security-what-to-build-before-the-clock-runs-out
CB-000061,The Attack on DEI Was a Ruse. We Compared the Qualifications of Obama and Trump Administration Appointees. The ClownBinge Investigation Is Telling.,dei-ruse-obama-trump-appointee-qualifications,Nerd Out,"The argument against DEI programs has been consistent: they substitute identity for merit, producing less qualified people. That is a testable claim. We tested it. We pulled the academic credentials and professional records of cabinet-level",,,,published,Yes,No,95,32,2814,9,2026-03-24,https://clownbinge.replit.app/case/dei-ruse-obama-trump-appointee-qualifications
CB-000062,It's Time to End the Egregious and Barbaric Practice of State-Sanctioned Revenge: Why Executions Must Stop.,death-penalty-barbaric-state-sanctioned-revenge-evidence,Law And Justice,190 people have been exonerated from death row since 1973. A peer-reviewed study estimates at least 4.1% of those executed are innocent. The racial bias is documented in Supreme Court records. The botched execution rate is one in thirty-thr,The U.S. Capital Punishment System,Federal and State Government Practice,,published,Yes,No,,18,3040,16,2026-03-25,https://clownbinge.replit.app/case/death-penalty-barbaric-state-sanctioned-revenge-evidence
CB-000063,"Black Seed Oil: Social Media Found It Last Week. The Global South Has Known for 1,400 Years. Now Science Has Receipts.",black-seed-oil-nigella-sativa-science-global-south-1400-years,Health And Healing,"Over 800 peer-reviewed studies on PubMed. A hadith in Sahih al-Bukhari documented 1,400 years ago. Ibn Sina described the clinical protocol in 1025 CE. Thymoquinone, the active compound in Nigella sativa, inhibits the same inflammatory path",Nigella sativa (Black Seed Oil),Botanical Compound Under Scientific Investigation,,published,Yes,No,,56,2095,16,2026-03-25,https://clownbinge.replit.app/case/black-seed-oil-nigella-sativa-science-global-south-1400-years
CB-000064,"Jericho Has Been Continuously Inhabited Since 9,000 BCE. The Archaeological Record of Palestinian Civilization Is Not Disputed.",jericho-9000-bce-archaeological-record-palestinian-civilization,Global South,"The peer-reviewed archaeological record places continuous human civilization in Palestine at 9,000 BCE. Carbon-14 dating, cuneiform tablets, Egyptian stelae, Byzantine mosaics, and Ottoman land registries confirm it. This is what the primar",,,,published,Yes,No,,,1511,14,2026-03-26,https://clownbinge.replit.app/case/jericho-9000-bce-archaeological-record-palestinian-civilization
CB-000065,Herodotus Recorded 'Dark-Skinned and Woolly-Haired.' The Primary Source Record of Kemet as Black African Civilization and the Seat of Human Knowledge.,herodotus-witness-kemet-black-african-civilization-seat-human-knowledge,Global South,"The Greek historian Herodotus traveled to Kemet in the 5th century BCE and recorded what he saw: a dark-skinned, woolly-haired people who had already given the world mathematics, medicine, astronomy, engineering, and the solar calendar. He ",,,,published,Yes,No,,,2018,12,2026-03-26,https://clownbinge.replit.app/case/herodotus-witness-kemet-black-african-civilization-seat-human-knowledge
CB-000066,Hijacking Voice: The Documented Legality of Gerrymandering and What the Supreme Court Said Could Not Be Fixed.,hijacking-voice-gerrymandering-minority-political-autonomy-supreme-court,Us Constitution,Chief Justice John Roberts wrote in 2019 that political gerrymandering produces results that are 'unjust by any measure.' He then ruled that federal courts have no authority to fix it. The Fourteenth and Fifteenth Amendments exist. The Voti,,,,published,Yes,No,,,1861,11,2026-03-26,https://clownbinge.replit.app/case/hijacking-voice-gerrymandering-minority-political-autonomy-supreme-court
CB-000068,The Treasure Reveals the Heart: ClownBinge's Four-Year Analysis of Congressional Appropriation Funding,congress-appropriations-ukraine-palestine-yemen-syria-sudan,War And Inhumanity,Congressional appropriations data reveals the documented allocation decisions across multiple conflict zones from FY 2021-2024.,,,,published,Yes,No,,,2080,7,2026-03-26,https://clownbinge.replit.app/case/congress-appropriations-ukraine-palestine-yemen-syria-sudan
CB-000070,White Women Were the Primary Beneficiaries of Affirmative Action. Not Black People. The Federal Record Confirms It.,white-women-primary-beneficiaries-affirmative-action-federal-record,Disarming Hate,The Department of Labor documented it. The Glass Ceiling Commission documented it. Peer-reviewed economics documented it. The EEOC data confirms it. The group that gained most from affirmative action was the group most absent from the polit,,,,published,Yes,No,,,2905,12,2026-03-27,https://clownbinge.replit.app/case/white-women-primary-beneficiaries-affirmative-action-federal-record
CB-000071,Salt and Light: A Documented Record of Americans Who Chose Each Other Across Racial Lines When It Cost Something,america-not-taught-same-chapter-cross-racial-solidarity-documented-record,Disarming Hate,Fred Hampton organized poor white Appalachians and the Black Panthers into the same coalition. Viola Liuzzo drove to Alabama. Thomas Garrett lost everything in a Delaware courthouse and kept going. Ruby Bates recanted in front of an all-whi,,,,published,Yes,No,,,2810,11,2026-03-27,https://clownbinge.replit.app/case/america-not-taught-same-chapter-cross-racial-solidarity-documented-record
CB-000072,"Spirituality, It Turns Out, Is Extremely Good for the Human Psyche. Harvard, Johns Hopkins, and Duke Have the Data.",spirituality-human-psyche-health-outcomes-harvard-johns-hopkins-investigation,Health And Healing,"Harvard tracked 74,534 women for sixteen years. Johns Hopkins gave terminally ill patients a controlled mystical experience and measured the outcome. Duke University measured interleukin-6 levels in prayer practitioners. The peer-reviewed r",,,,published,Yes,No,,,2479,8,2026-03-27,https://clownbinge.replit.app/case/spirituality-human-psyche-health-outcomes-harvard-johns-hopkins-investigation
CB-000073,A Jury of Your Peers. America's Most Durable Constitutional Lie.,jury-of-peers-equal-protection-constitutional-lie-documented-record,Law And Justice,"The Sixth Amendment guarantees the right to a jury of one's peers. The Fourteenth Amendment guarantees equal protection under the law. The Supreme Court has ruled jury discrimination unconstitutional in 1880, 1965, 1986, and beyond. The doc",,,,published,Yes,No,,,2736,13,2026-03-27,https://clownbinge.replit.app/case/jury-of-peers-equal-protection-constitutional-lie-documented-record
CB-000074,"A Country Built on Stolen Land, Stolen Labor, and Stolen Lives Would Like You to Know It Built Itself.",who-built-america-stolen-land-stolen-labor-wealth-gap-economic-record,Us History,"The argument that Black, Indigenous, and Mexican people are lazy was invented by the same civilization that crossed an ocean to kidnap African people because it refused to do its own work. Edward Baptist documented what that labor actually ",,,,published,Yes,No,,,2497,10,2026-03-27,https://clownbinge.replit.app/case/who-built-america-stolen-land-stolen-labor-wealth-gap-economic-record
CB-000075,Racism Is Never OK: The Difficult Conversations We Must All Have With Our Families. Accountability Matters.,racism-never-ok-family-accountability-difficult-conversations-disarming-hate,Disarming Hate,"The hardest conversation you will ever have is the one at your own dinner table. The research shows it is also among the most important ones you will ever have. Across every racial community in America, people are finding the courage to hol",,,,published,Yes,No,,,2506,10,2026-03-27,https://clownbinge.replit.app/case/racism-never-ok-family-accountability-difficult-conversations-disarming-hate
CB-000076,The Countries America Bombs Are Overwhelmingly Non-White. Their Resources Are Almost Always the Point. The Evidence Is in the Record.,america-resource-wars-iraq-iran-libya-petrodollar-race,Us History,Iraq had the world's second-largest proven oil reserves. Libya had the largest in Africa and was building a gold-backed currency to break Western financial control of the continent. Iran nationalized its oil in 1953 and had a functioning de,,,,published,Yes,No,,,3178,1,2026-03-27,https://clownbinge.replit.app/case/america-resource-wars-iraq-iran-libya-petrodollar-race
CB-000077,Do Unto Others: The Case for No More Economic Wars. Our Children's Children Will Hate Us for Them.,do-unto-others-no-more-economic-wars-children-will-hate-us,Us History,America spends $8 trillion bombing the majority of humanity and then wonders why the world does not trust it. The Global South is not a foreign policy abstraction. It is six billion people who are keeping receipts. Their children are growin,,,,published,Yes,No,,,2607,1,2026-03-27,https://clownbinge.replit.app/case/do-unto-others-no-more-economic-wars-children-will-hate-us
CB-000078,The Negativity Is Killing You: The Case for Retiring Hatred and Unnecessary Stress,negativity-is-killing-you-hatred-stress-obesity-health-case,Health And Healing,"Your body does not know the difference between the driver who cut you off and a predator. It responds to both with the same cascade of cortisol, inflammation, and cardiovascular activation. The research across three decades is unambiguous: ",,,,published,Yes,No,,,2264,1,2026-03-27,https://clownbinge.replit.app/case/negativity-is-killing-you-hatred-stress-obesity-health-case
CB-000079,"Do Republicans Support White DEI? Introducing WDEI: White Discrimination, Exclusion, and Ignorance",white-dei-wdei-discrimination-exclusion-ignorance-republican-merit,Disarming Hate,"The January 2025 executive order banning DEI ran to 3,600 words. It did not mention legacy admissions. It did not mention grandfather clauses. It did not mention the documented racial wealth gap created by federal housing policy. If the arg",,,,published,Yes,No,,,2191,1,2026-03-27,https://clownbinge.replit.app/case/white-dei-wdei-discrimination-exclusion-ignorance-republican-merit
CBR-00001,We Binge on Clown News So You Do Not Have To. Facts Matter More Than Ever. This Is Why.,respectability-is-unremarkable,How It Works,Modern American journalism has been reconfigured around a single variable: which demographic will pay the most to have its existing beliefs confirmed. The documented result is a media landscape that is simultaneously more racially pandered ,,,,published,Yes,No,,,2448,8,2026-03-27,https://clownbinge.replit.app/case/respectability-is-unremarkable
CB-000080,How Many Times Have You Denied Your Truth to Fit In? Your Ancestors Did Not Survive for This.,how-many-times-denied-truth-fit-in-ancestors-conformity-groupthink,Health And Healing,The research on conformity is clinical and precise. Solomon Asch documented in controlled experiments that ordinary people will deny what their own eyes are showing them to avoid standing apart from the group. Irving Janis documented that e,,,,published,Yes,No,,,2033,1,2026-03-27,https://clownbinge.replit.app/case/how-many-times-denied-truth-fit-in-ancestors-conformity-groupthink
CB-000085,Your Friends Are Keeping You Alive. Harvard Tracked 724 People for Eighty Years and Found Nothing More Important.,harvard-study-friendship-platonic-relationships-longevity-documented-record,Health And Healing,The Harvard Study of Adult Development has followed 724 people since 1938. It is the longest-running longitudinal study of adult life ever conducted. The finding is not complicated. Not wealth. Not achievement. Not early physical health. Th,,,,published,Yes,No,,,2993,9,2026-03-29,https://clownbinge.replit.app/case/harvard-study-friendship-platonic-relationships-longevity-documented-record