case_number,title,category,subject_name,subject_title,subject_party,word_count,self_own_score,ai_score,staff_pick,nerd_accessible,user_submitted,pinned,source_count,date_of_incident,published_at,view_count,share_count,tag_count,tags
CB-000001,Sen. James Whitmore Claims He Never Voted For The Bill He Voted For,self_owned,James Whitmore,U.S. Senator,Republican,1637,9,37,false,true,false,false,1,Sat Jul 22 2023 00:00:00 GMT+0000 (Coordinated Universal Time),Sun Mar 22 2026 08:00:00 GMT+0000 (Coordinated Universal Time),13437,0,13,James Whitmore; Senator James Whitmore; Whitmore voting record; senator denies vote; Congressional Record contradiction; Republican senator lies about vote; politician denies own vote; Whitmore bill vote denial; Congressional Record proves vote; senator contradicts voting record; James Whitmore Republican; politician caught lying about vote; senate voting record contradiction
CB-000002,Rep. Dale Hartwick Caught on C-SPAN Calling His Own Immigration Bill 'Political Theater for the Base',self_owned,Dale Hartwick,U.S. Representative,Republican,1642,8,13,false,true,false,false,1,Wed Feb 07 2024 00:00:00 GMT+0000 (Coordinated Universal Time),Sun Mar 22 2026 05:30:00 GMT+0000 (Coordinated Universal Time),8379,0,13,Dale Hartwick; Representative Dale Hartwick; Hartwick C-SPAN; immigration bill political theater; caught on C-SPAN; Hartwick hot mic; Republican admits political theater; Dale Hartwick immigration bill; congressman calls own bill theater; Hartwick political theater base; C-SPAN hot mic moment; politician admits pandering; Dale Hartwick Republican
CB-000003,Texas AG Rick Donahue Is Suing Companies For What His Own Law Firm Did For Six Years,self_owned,Rick Donahue,State Attorney General,Republican,1583,9,19,true,true,false,false,1,Sun Mar 03 2024 00:00:00 GMT+0000 (Coordinated Universal Time),Sun Mar 22 2026 07:00:00 GMT+0000 (Coordinated Universal Time),22223,0,13,Rick Donahue; Texas Attorney General Rick Donahue; Donahue hypocrisy lawsuit; Texas AG sues for own practice; Rick Donahue law firm; attorney general contradicts own record; Donahue 2016 2022; Texas AG Republican hypocrisy; Rick Donahue March 3 lawsuit; AG sues companies own law firm did; Texas attorney general contradiction; Donahue law firm same practice; Rick Donahue Republican Texas
CB-000004,Pastor Vernon Mills Preaches Against Immigration. Public Records Show All Four of His Grandparents Were Immigrants.,religion,Vernon Mills,"Pastor, Cornerstone Fellowship Church",,1511,10,20,false,true,false,false,2,Sun Feb 18 2024 00:00:00 GMT+0000 (Coordinated Universal Time),Tue Feb 20 2024 00:00:00 GMT+0000 (Coordinated Universal Time),4491,0,14,Vernon Mills; Pastor Vernon Mills; Cornerstone Fellowship Church; Mills anti-immigration hypocrisy; pastor immigrant grandparents; Vernon Mills grandparents immigrants; Cornerstone Fellowship pastor hypocrisy; pastor preaches against immigration; Vernon Mills genealogy; religious hypocrisy immigration; pastor family immigration records; Cornerstone Fellowship Vernon Mills; Mills immigrant ancestry; pastor contradicts own family history
CB-000005,Patricia Holden Voted to Ban Diversity Books. Her Daughter Was Already Enrolled in USC's Mandatory DEI Program.,self_owned,Patricia Holden,School Board Member,Republican,1505,8,9,true,true,false,false,1,Mon Aug 14 2023 00:00:00 GMT+0000 (Coordinated Universal Time),Sun Mar 22 2026 05:00:00 GMT+0000 (Coordinated Universal Time),10805,0,14,Patricia Holden; Patricia Holden school board; Holden diversity book ban; daughter enrolled DEI program; USC DEI program; school board bans diversity books; Patricia Holden USC daughter; Republican school board hypocrisy; Holden DEI contradiction; banned diversity books USC DEI; school board member daughter DEI; Patricia Holden Republican; diversity ban while daughter in DEI; Holden book ban hypocrisy
CB-000006,"Adams County Deputies Raided Afroman's Home, Found Nothing, Then Sued Him. He Made Grammy-Nominated Art About It.",anti_racist_heroes,Afroman (Joseph Foreman),Recording Artist,,547,,14,true,true,false,false,2,Thu Aug 18 2022 00:00:00 GMT+0000 (Coordinated Universal Time),Sun Mar 22 2026 07:30:00 GMT+0000 (Coordinated Universal Time),3015,0,13,Afroman; Joseph Foreman; Adams County police raid; Afroman home raid; police raid found nothing; Afroman lawsuit; police sued rapper; Afroman Grammy nomination; police raid surveillance footage; wrongful police raid; Afroman deputies lawsuit; drug raid no drugs found; Afroman police merchandise
CB-000007,"Absurd: Sen. Ted Cruz Claims 'Christ is King' is Anti-Jewish. Yes He Actually Said it. Except, Of Course, Jesus Was Jewish.",self_owned,Ted Cruz,U.S. Senator,Republican,1735,10,15,true,true,false,true,2,Thu Mar 12 2026 00:00:00 GMT+0000 (Coordinated Universal Time),Sun Mar 22 2026 09:35:00 GMT+0000 (Coordinated Universal Time),38117,0,13,Ted Cruz; Ted Cruz Christ is King; Christ is King anti-Jewish; Ted Cruz CBN interview 2026; Ted Cruz Jesus was Jewish; Ted Cruz evangelical base; Christ is King controversy; Ted Cruz antisemitism claim; Texas senator Christ is King; Ted Cruz Christian theology contradiction; Ted Cruz FEC records; Republican senator Christ is King; Ted Cruz self-own
CB-000008,Sen. Bob Corker Vowed Not to Vote for Any Bill That Added 'One Penny' to the Deficit. Then He Voted for One That Added $1.9 Trillion.,self_owned,Bob Corker,"U.S. Senator, Tennessee (Retired)",Republican,1897,9,9,false,true,false,false,3,Wed Dec 20 2017 00:00:00 GMT+0000 (Coordinated Universal Time),Sun Mar 22 2026 06:00:00 GMT+0000 (Coordinated Universal Time),19,0,13,Bob Corker; Bob Corker deficit vote; Bob Corker one penny deficit; Senate Vote 303; Senate Vote 323; Bob Corker $1.9 trillion; Bob Corker tax bill vote; Tennessee senator deficit contradiction; Bob Corker flip flop; Congressional Budget Office Corker; Bob Corker hypocrite; Republican senator deficit spending; GovTrack Bob Corker votes
CB-000009,Sen. Tommy Tuberville Voted Against Alabama's $1.4 Billion in Broadband Funding. Then Called It 'Crucial.' The President of the United States Responded.,self_owned,Tommy Tuberville,"U.S. Senator, Alabama",Republican,1777,8,26,true,true,false,false,4,Tue Jun 27 2023 00:00:00 GMT+0000 (Coordinated Universal Time),Sun Mar 22 2026 06:30:00 GMT+0000 (Coordinated Universal Time),3,0,14,Tommy Tuberville; Tommy Tuberville broadband vote; Tommy Tuberville Infrastructure Act; Senate Vote 432 August 2021; Alabama broadband funding $1.4 billion; Tommy Tuberville voted against infrastructure; Infrastructure Investment and Jobs Act; Tommy Tuberville contradiction; Alabama senator infrastructure vote; Biden quoted Tuberville; Tommy Tuberville self-own; Republican infrastructure vote no; Tuberville broadband crucial; 30 Republican no votes infrastructure
CB-000010,Prophet Brian Carn's Betrayal of Christ and the Black Community - A Cataclysmic Self-Own,self_owned,Brian Carn Jr.,"Self-described Prophet, General Overseer of Kingdom City Church and City Church International Fellowship",None,2081,10,4,false,true,false,false,2,Fri Jan 16 2026 00:00:00 GMT+0000 (Coordinated Universal Time),Sun Mar 22 2026 08:30:00 GMT+0000 (Coordinated Universal Time),13,0,14,Brian Carn; Brian Carn Jr; Prophet Brian Carn; Brian Carn guilty plea; Kingdom City Church; City Church International Fellowship; Brian Carn federal court; Brian Carn fraud; Brian Carn psychic 2014; Brian Carn Department of Justice; Brian Carn DOJ press release; false prophet Brian Carn; Brian Carn General Overseer; Brian Carn criminal case
CB-000011,Gateway Church Founder Robert Morris Indicted on Child Sex Abuse Charges After Years of Preaching Child Protection,religion,Robert Morris,"Founding Pastor, Gateway Church",Republican,1502,9,20,false,true,false,false,1,Wed Mar 12 2025 00:00:00 GMT+0000 (Coordinated Universal Time),Sun Mar 22 2026 02:34:30 GMT+0000 (Coordinated Universal Time),1,0,14,Robert Morris; Robert Morris indictment; Gateway Church; Gateway Church Southlake Texas; Robert Morris child sex abuse; Cindy Clemishire; pastor indicted child abuse; Robert Morris 1982 abuse; lewd acts with child charges; Texas megachurch pastor indicted; Robert Morris Trump spiritual adviser; Gateway Church sex abuse scandal; pastor championed child protection laws; Robert Morris Oklahoma indictment 2025
CB-000012,"Gateway Church Founder Robert Morris Pleads Guilty to Child Sex Abuse, Decades After Championing Child Protection Laws",religion,Robert Morris,"Founding Pastor, Gateway Church",Republican,1601,9,19,false,true,false,false,1,Thu Oct 02 2025 00:00:00 GMT+0000 (Coordinated Universal Time),Sun Mar 22 2026 02:36:15 GMT+0000 (Coordinated Universal Time),0,0,13,Robert Morris guilty plea; Robert Morris pleads guilty; Gateway Church Robert Morris; Robert Morris child sex abuse conviction; Gateway Church founder guilty; Robert Morris 1982 child abuse; Trump spiritual adviser guilty; Robert Morris Greg Abbott; pastor pleads guilty child abuse; Gateway Church Southlake scandal; lewd acts with child guilty plea; Robert Morris Texas child protection; megachurch pastor convicted 2025
CB-000013,"Mitchell Summerfield: Raleigh Pastor Pleads Guilty to Stealing Over $400,000 in COVID Relief Funds",religion,Mitchell Summerfield,"Pastor, Word of God Fellowship Church",None,1505,8,8,false,true,false,false,1,Tue May 27 2025 00:00:00 GMT+0000 (Coordinated Universal Time),Sun Mar 22 2026 02:39:24 GMT+0000 (Coordinated Universal Time),0,0,13,"Mitchell Summerfield; Mitchell Summerfield guilty plea; Word of God Fellowship Church Raleigh; pastor COVID relief fraud; Mitchell Summerfield PPP fraud; Raleigh pastor pleads guilty; $400,000 COVID fraud; pastor stole COVID funds; Word of God Fellowship fraud; Mitchell Summerfield bank fraud; North Carolina pastor fraud 2025; PPP loan fraud pastor; pastor faces 30 years prison"
CB-000014,Brooklyn Pastor Paul Mitchell Pleads Guilty to Tax Evasion After Using Church Funds as Personal Luxury Account,religion,Paul Mitchell,Lead Pastor and Daycare President,None,1517,8,7,false,true,false,false,1,Tue Dec 16 2025 00:00:00 GMT+0000 (Coordinated Universal Time),Sun Mar 22 2026 02:40:20 GMT+0000 (Coordinated Universal Time),0,0,13,Paul Mitchell Brooklyn pastor; Paul Mitchell tax evasion; Brooklyn pastor guilty tax evasion; pastor used church funds personal luxury; Paul Mitchell daycare president; pastor stole from congregation; church credit card fraud; pastor bought luxury watches church money; Brooklyn church embezzlement; Paul Mitchell guilty plea; pastor tax fraud jewelry clothing; church funds personal expenses; daycare president fraud
CB-000015,The Prosperity Gospel and the Text It Ignores: What the Bible Actually Says About Wealth,religion,,,,1915,,3,true,true,false,false,12,Sun Sep 14 2025 00:00:00 GMT+0000 (Coordinated Universal Time),Sun Mar 22 2026 03:05:29 GMT+0000 (Coordinated Universal Time),1,0,8,religion; prosperity-gospel; bible; new-testament; wealth-theology; word-of-faith; accountability; primary-source
CB-000016,Operation False Profit: Federal Indictment Charges House of Prayer Leader Rony Denis with Defrauding Military Veterans,religion,Rony Denis,"Leader, House of Prayer Christian Churches",None,1521,9,24,false,true,false,false,1,Wed Sep 10 2025 00:00:00 GMT+0000 (Coordinated Universal Time),Sun Mar 22 2026 03:06:30 GMT+0000 (Coordinated Universal Time),1,0,14,Rony Denis; House of Prayer Christian Churches; House of Prayer Hinesville Georgia; Operation False Profit; pastor VA benefits fraud; church defrauding veterans; Rony Denis indictment; religious leader bank fraud; fake VA education benefits; IRS church investigation; Georgia pastor fraud; military veteran benefits scam; House of Prayer fraud case; pastor wire fraud charges
CB-000017,"Pastor Who Knew Kept Quiet, Then Kept His Job, Then Didn't: Brady Boyd's New Life Ends Early",religion,Brady Boyd,"Senior Pastor, New Life Church",None,1508,7,57,false,true,false,false,1,Sun Jun 08 2025 00:00:00 GMT+0000 (Coordinated Universal Time),Sun Mar 22 2026 03:07:16 GMT+0000 (Coordinated Universal Time),0,0,13,Brady Boyd; New Life Church Colorado Springs; Brady Boyd resignation; Robert Morris misconduct; pastor cover up sexual abuse; New Life Church scandal; Brady Boyd resigned 2025; pastor knew about abuse; Colorado Springs pastor scandal; church leadership cover up; Brady Boyd Robert Morris; pastor concealed misconduct; New Life Church Colorado
CB-000018,"Dillon Awes: Texas Pastor Calls for Execution of Gay People, Then His Own Church Implodes",religion,Dillon Awes,"Pastor, Stedfast Baptist Church",None,1528,9,28,false,true,false,false,2,Wed Jun 01 2022 00:00:00 GMT+0000 (Coordinated Universal Time),Sun Mar 22 2026 03:10:03 GMT+0000 (Coordinated Universal Time),1,0,13,Dillon Awes; Stedfast Baptist Church; pastor calls for executing gay people; Dillon Awes sermon; pastor shoot gay people; Stedfast Baptist scandal; anti-gay pastor; Texas pastor execution sermon; Stedfast Baptist prostitutes; church leader gambling scandal; homophobic pastor hypocrisy; Dillon Awes Texas; pastor church implosion
CB-000019,The Faith Communities That Built Abolition: Religion as the Engine of Anti-Slavery,religion,,,,1730,,16,true,true,false,false,9,Sun May 01 2022 00:00:00 GMT+0000 (Coordinated Universal Time),Sun Mar 22 2026 03:10:57 GMT+0000 (Coordinated Universal Time),0,0,9,religion; abolition; quakers; underground-railroad; frederick-douglass; AME-church; civil-rights; us-history; faith
CB-000020,"Kenneth Copeland Blows COVID Away on Live TV, Asks Fans to Pay for the Jet He Used to Avoid Them",religion,Kenneth Copeland,"Founder and Senior Pastor, Eagle Mountain International Church",None,1506,7,15,false,true,false,false,1,Sun Apr 05 2020 00:00:00 GMT+0000 (Coordinated Universal Time),Sun Mar 22 2026 03:11:53 GMT+0000 (Coordinated Universal Time),1,0,14,Kenneth Copeland; Kenneth Copeland blowing away COVID; televangelist blows away coronavirus; Kenneth Copeland private jet; Eagle Mountain International Church; pastor blowing COVID on TV; Kenneth Copeland 2020; televangelist private jets; tube full of demons commercial flights; Kenneth Copeland ministry jets; pastor asking for jet money; Kenneth Copeland COVID ritual; televangelist hypocrisy; Kenneth Copeland three jets
CB-000021,Televangelist Jesse Duplantis Asks Followers to Buy Him a Fourth Private Jet Because Jesus Wouldn't Ride a Donkey,religion,Jesse Duplantis,"Founder, Jesse Duplantis Ministries",None,1506,7,29,false,true,false,false,1,Mon May 28 2018 00:00:00 GMT+0000 (Coordinated Universal Time),Sun Mar 22 2026 03:12:48 GMT+0000 (Coordinated Universal Time),2,0,14,Jesse Duplantis; Jesse Duplantis Ministries; televangelist private jet; Jesse Duplantis fourth jet; Dassault Falcon 7X; televangelist asks for $54 million jet; prosperity gospel fraud; Jesse Duplantis 2018; televangelist financial abuse; Jesus wouldn't ride a donkey; Louisiana televangelist; private jet fundraising; prosperity preacher jets; Jesse Duplantis three jets
CB-000022,Paula White Calls on Angels From Two Continents to Overturn an Election She Did Not Win,religion,Paula White,"Senior Pastor, City of Destiny Church; Former Special Adviser to President Trump",Republican,1551,7,10,false,true,false,false,1,Thu Nov 05 2020 00:00:00 GMT+0000 (Coordinated Universal Time),Sun Mar 22 2026 03:13:35 GMT+0000 (Coordinated Universal Time),0,0,13,Paula White; Paula White angels from Africa; City of Destiny Church; Paula White 2020 election prayer; Trump pastor election prayer; Paula White November 2020; angels from Africa and South America; White House faith adviser; Paula White overturn election; prophetic prayer 2020 election; Trump personal pastor; Paula White angels prayer video; televangelist election interference
CB-000023,The Research on Forgiveness: What Three Decades of Empirical Study Show,religion,,,,1597,,51,false,true,false,false,9,Tue Feb 01 2022 00:00:00 GMT+0000 (Coordinated Universal Time),Sun Mar 22 2026 03:14:21 GMT+0000 (Coordinated Universal Time),0,0,9,religion; forgiveness; mental-health; empirical-research; faith; psychology; enright; worthington; teshuva
CB-000024,The Science of Awe: What Happens in the Brain During Transcendent Experience,religion,,,,1514,,33,false,true,false,false,10,Wed Nov 04 2020 00:00:00 GMT+0000 (Coordinated Universal Time),Sun Mar 22 2026 03:16:00 GMT+0000 (Coordinated Universal Time),0,0,9,religion; neuroscience; awe; contemplation; neurotheology; health; meditation; prayer; empirical-research
CB-000025,"Hillsong Founder Brian Houston Resigns After Investigation Finds Misconduct Toward Women, Failure to Report Father's Abuse",religion,Brian Houston,"Founder and Global Senior Pastor, Hillsong Church",None,1504,9,30,false,true,false,false,2,Mon Mar 21 2022 00:00:00 GMT+0000 (Coordinated Universal Time),Sun Mar 22 2026 03:16:54 GMT+0000 (Coordinated Universal Time),0,0,15,Brian Houston; Brian Houston resignation; Hillsong Church founder; Brian Houston misconduct; Brian Houston March 2022; Hillsong founder resigns; Brian Houston father abuse; Frank Houston child abuse; Brian Houston failed to report abuse; Hillsong investigation 2022; Brian Houston inappropriate behavior women; Hillsong global scandal; Brian Houston cover up; Hillsong Church abuse scandal; Australian megachurch scandal
CB-000026,Creflo Dollar's $65 Million Prayer: Pastor Asks Flock to Buy Him a Third Jet,religion,Creflo Dollar,"Senior Pastor, World Changers Church International",None,1528,8,17,false,true,false,false,1,Thu Mar 12 2015 00:00:00 GMT+0000 (Coordinated Universal Time),Sun Mar 22 2026 03:17:46 GMT+0000 (Coordinated Universal Time),0,0,13,Creflo Dollar; World Changers Church International; prosperity gospel; pastor asks for private jet; Gulfstream G650 fundraising; $65 million jet campaign; Creflo Dollar private jet 2015; megachurch financial abuse; prosperity gospel fraud; pastor private jet donation request; World Changers Church scandal; televangelist financial misconduct; seed faith scam
CB-000028,"Mark Driscoll Built Two Churches on Accountability Theology, Then Failed Every Accountability Test",religion,Mark Driscoll,"Founder, Mars Hill Church; Founder, Trinity Church",None,1517,8,45,false,true,false,false,2,Mon Aug 23 2021 00:00:00 GMT+0000 (Coordinated Universal Time),Sun Mar 22 2026 03:20:34 GMT+0000 (Coordinated Universal Time),0,0,13,Mark Driscoll; Mars Hill Church Seattle; Trinity Church Scottsdale; Mark Driscoll accountability scandal; Mars Hill Church collapse; Mark Driscoll forced resignation 2014; pastor spiritual abuse; megachurch leadership failure; Mark Driscoll controversy; complementarian pastor hypocrisy; Mars Hill Church Seattle scandal; Mark Driscoll new church after scandal; evangelical pastor misconduct
CB-000029,The Monks Who Kept the Western World's Books: Faith as the Custodian of Human Knowledge,religion,,,,1699,,44,false,true,false,false,9,Fri Jul 01 2016 00:00:00 GMT+0000 (Coordinated Universal Time),Sun Mar 22 2026 03:21:21 GMT+0000 (Coordinated Universal Time),0,0,9,religion; history; medieval; monks; islamic-golden-age; university; intellectual-history; ireland; preservation
CB-000030,"Harvest Spoiled: James MacDonald Fired After Recordings, Fraud Allegations, and a Hunting Ranch on the Lord's Dime",religion,James MacDonald,"Founder and Former Senior Pastor, Harvest Bible Chapel",None,1504,8,18,false,true,false,false,1,Tue Feb 12 2019 00:00:00 GMT+0000 (Coordinated Universal Time),Sun Mar 22 2026 03:23:16 GMT+0000 (Coordinated Universal Time),0,0,14,James MacDonald; Harvest Bible Chapel; James MacDonald fired 2019; pastor insurance fraud; James MacDonald recordings scandal; Harvest Bible Chapel financial abuse; pastor misuse of church funds; James MacDonald Julie Roys investigation; megachurch elder board termination; pastor spiritual abuse; Harvest Bible Chapel hunting ranch; James MacDonald vulgar comments; Walk in the Word scandal; Chicago megachurch corruption
CB-000031,"Bishop Eddie Long, Crusader Against Same-Sex Marriage, Faces Lawsuits Alleging Sexual Coercion of Teenage Boys",religion,Eddie Long,"Senior Pastor, New Birth Missionary Baptist Church",None,1652,9,43,false,true,false,false,2,Wed Sep 22 2010 00:00:00 GMT+0000 (Coordinated Universal Time),Sun Mar 22 2026 03:24:28 GMT+0000 (Coordinated Universal Time),0,0,14,Eddie Long; Bishop Eddie Long; New Birth Missionary Baptist Church; Eddie Long sexual abuse allegations; pastor sexual coercion lawsuit 2010; Bishop Eddie Long same-sex marriage hypocrisy; Eddie Long teenage boys lawsuit; anti-gay pastor sexual misconduct; New Birth Missionary Baptist scandal; Eddie Long spiritual authority abuse; pastor sexual abuse of minors; Atlanta megachurch scandal; Bishop Eddie Long lawsuits; evangelical leader sexual abuse
CB-000032,"The Power of Faith to Disrupt Hate, Xenophobia, and Nativism. The Time for Unity Is NOW.",religion,,,,1733,,31,false,true,false,true,17,Thu Nov 02 2006 00:00:00 GMT+0000 (Coordinated Universal Time),Sun Mar 22 2026 03:25:16 GMT+0000 (Coordinated Universal Time),3,0,14,religion; faith; civil-rights; xenophobia; nativism; unity; sanctuary-movement; bonhoeffer; oscar-romero; martin-luther-king; selma; heschel; fratelli-tutti; black-church
CB-000033,"Tony Spell: Louisiana Pastor Defies Government Authority, Then Cashes Government Check",religion,Tony Spell,"Lead Pastor, Life Tabernacle Church",None,1507,7,20,false,true,false,false,2,Tue Mar 31 2020 00:00:00 GMT+0000 (Coordinated Universal Time),Sun Mar 22 2026 03:26:06 GMT+0000 (Coordinated Universal Time),0,0,13,Tony Spell; Tony Spell pastor; Life Tabernacle Church; Tony Spell Louisiana; pastor defied COVID lockdown; Tony Spell PPP loan; pastor defied government then took PPP; Life Tabernacle Church Baton Rouge; Tony Spell pandemic; pastor hypocrisy government authority; Tony Spell Paycheck Protection Program; COVID church defiance Louisiana; pastor emergency order violation
CB-000034,Rodney Howard-Browne: Pastor Who Preached Divine Healing Over Medicine Got Arrested for Spreading a Pandemic,religion,Rodney Howard-Browne,"Founder and Senior Pastor, The River at Tampa Bay Church",None,1544,7,19,false,true,false,false,1,Mon Mar 30 2020 00:00:00 GMT+0000 (Coordinated Universal Time),Sun Mar 22 2026 03:26:58 GMT+0000 (Coordinated Universal Time),2,0,13,Rodney Howard-Browne; Rodney Howard-Browne arrest; The River at Tampa Bay Church; Rodney Howard-Browne COVID; pastor arrested pandemic 2020; divine healing vs medicine hypocrisy; Rodney Howard-Browne liability waiver; Tampa pastor arrested March 2020; pastor defied stay-at-home order; The River Tampa Bay; Rodney Howard-Browne staff waivers; faith healing pastor pandemic; Florida pastor COVID arrest
CB-000035,"The Receipts on the Platforms: Facebook, X, YouTube, and TikTok Are the Largest Disinformation Infrastructure Ever Built. The Documents Say So. The Platforms Say So.",technology,,,,1685,,23,false,true,false,false,8,Sat Mar 21 2026 00:00:00 GMT+0000 (Coordinated Universal Time),Sat Mar 21 2026 23:30:00 GMT+0000 (Coordinated Universal Time),12,0,14,Facebook Papers; social media disinformation infrastructure; Facebook SEC documents; platform accountability evidence; Facebook disinformation documented; YouTube misinformation research; TikTok disinformation spread; X Twitter misinformation; Indiana University social media study; congressional testimony social media; Facebook internal documents; platform algorithm harm; social media company admissions; tech platform disinformation proof
CB-000036,Is Meta Anti-Palestine? ClownBinge Reviewed the Documents. Here Is What the Record Actually Shows.,investigations,Meta Platforms Inc.,"Parent company of Facebook, Instagram, and WhatsApp",,1702,,30,false,true,false,false,5,Sat Oct 07 2023 00:00:00 GMT+0000 (Coordinated Universal Time),Sat Mar 21 2026 23:45:00 GMT+0000 (Coordinated Universal Time),7,0,15,Meta Palestine censorship; Meta anti-Palestine bias; Facebook suppresses Palestine content; Meta human rights investigation; Human Rights Watch Meta report; Instagram Palestine suppression; Meta Palestine content moderation; Meta Platforms human rights violations; Facebook censorship Palestine 1050 cases; Meta independent investigation Palestine; pro-Palestine content suppression; Meta Facebook Instagram censorship; Palestine content takedown Meta; Meta bias against Palestinian users; Human Rights Watch 1049 Palestine cases
CB-000037,"Judaism Is the Oldest Abrahamic Religion. It Is Ancient. Zionism Is a Political Idea. This Distinction Is Critical, Now More Than Ever.",us_history,,,,1544,,19,false,true,false,false,7,Sun Aug 29 1897 00:00:00 GMT+0000 (Coordinated Universal Time),Sun Mar 22 2026 07:35:18 GMT+0000 (Coordinated Universal Time),21,0,13,Judaism vs Zionism; Zionism 1897 Basel Congress; difference between Judaism and Zionism; Jewish theology Zionism opposition; Abrahamic religions history; Zionism political movement 19th century; Jewish rabbinical authorities Zionism; Judaism 3500 years; Theodor Herzl Basel 1897; anti-Zionist Jews; Jewish communities oppose Zionism; Zionism founding documents; religious vs political Zionism
CB-000038,CNN. MS NOW. Fox News. The Documents Confirm What They Are. ClownBinge Is A Primary Source Fountain.,investigations,,,,1501,,27,false,true,false,false,5,Tue Apr 18 2023 00:00:00 GMT+0000 (Coordinated Universal Time),Sun Mar 22 2026 08:00:12 GMT+0000 (Coordinated Universal Time),10,0,13,CNN ideological bias documents; Fox News bias court records; MSNBC bias evidence; media bias FEC filings; CNN internal communications leaked; Fox News ideological capture; Pew Research media bias study; Frederick Douglass power concedes nothing; MLK hate is too great a burden; Dalai Lama love absence of judgment; cable news bias documented proof; MSNBC Fox CNN bias comparison; media networks court documents
CB-000039,What the FBI's Crime Data Actually Says. And What It Has Never Said.,law_and_justice,,,,1579,,9,false,true,false,false,5,Sun Mar 22 2026 00:00:00 GMT+0000 (Coordinated Universal Time),Sun Mar 22 2026 08:33:41 GMT+0000 (Coordinated Universal Time),5,0,12,FBI crime data 1930; Bureau of Justice Statistics victimization survey; FBI crime statistics misunderstood; what FBI crime data actually says; BJS victimization survey 1972; FBI Uniform Crime Report accuracy; crime data myths debunked; FBI crime statistics misinterpreted; Bureau of Justice Statistics vs FBI data; FBI UCR limitations; crime statistics what Americans believe wrong; FBI crime reporting gaps
CB-000040,We Hold These Truths. What the 2026 Record Is Doing to Them.,us_constitution,,,,1541,,44,false,true,false,false,5,Sun Mar 22 2026 00:00:00 GMT+0000 (Coordinated Universal Time),Sun Mar 22 2026 18:18:43 GMT+0000 (Coordinated Universal Time),8,0,12,Constitution equal protection clause; 2026 constitutional violations; US founding documents primary sources; equal protection under law; Constitution vs 2025 2026 record; founding fathers equal protection; constitutional framework threatened; 14th Amendment equal protection; 2026 unconstitutional actions; Declaration of Independence we hold these truths; constitutional law violations 2025; protecting constitutional framework
CB-000041,"The United States Was Built by Indigenous Nations, Enslaved Africans, and Immigrants. The Primary Source Record Confirms Each.",us_history,,,,2760,,15,false,true,false,false,13,,Mon Mar 23 2026 00:50:36 GMT+0000 (Coordinated Universal Time),28,0,14,enslaved Africans built America; Indigenous nations American history; immigrant contributions United States; what enslaved people built in America; Native American contributions US history; who built America primary sources; Indigenous First Nations US history; African slavery American infrastructure; Southwest native peoples contributions; immigrant labor American history; enslaved Africans economic contributions; Indigenous peoples built America; primary source slavery Indigenous immigrants; what immigrants built in United States
CB-000042,Diversity Denial: The United States Has Conducted This Experiment Before. The Primary Source Record Shows Exactly What Was Lost.,us_history,United States Federal Government,Federal Institutional Record,,1880,,19,false,true,false,false,7,Thu Jun 22 1944 00:00:00 GMT+0000 (Coordinated Universal Time),Sun Mar 22 2026 09:00:00 GMT+0000 (Coordinated Universal Time),5,0,13,diversity programs United States history; federal employment discrimination records; documented cost of exclusion; meritocracy historical record; talent pool restriction America; federal institutional diversity; primary source diversity evidence; measurable return on inclusion; United States employment history; federal government diversity data; historical DEI outcomes; documented diversity performance; inclusion economic impact federal record
CB-000043,Ketanji Brown Jackson Wrote in Her High School Yearbook That She Wanted to Be a Judge. The Federal Record Confirms She Became One. Three Decades of Hard Work Proved It Wasn't DEI.,women_and_girls,Ketanji Brown Jackson,"Associate Justice, Supreme Court of the United States",,1544,,30,false,true,false,true,4,Mon Mar 21 2022 00:00:00 GMT+0000 (Coordinated Universal Time),Sun Mar 22 2026 10:00:00 GMT+0000 (Coordinated Universal Time),22,0,13,Ketanji Brown Jackson; Ketanji Brown Jackson high school yearbook; Ketanji Brown Jackson ABA rating; Senate Hearing 117-422; Supreme Court confirmation Ketanji Brown Jackson; American Bar Association Well Qualified rating; Ketanji Brown Jackson 250 attorney interviews; DEI myth Supreme Court; first Black female Supreme Court justice; Ketanji Brown Jackson qualifications; Supreme Court confirmation transcript; Ketanji Brown Jackson career record; ABA highest rating Supreme Court
CB-000044,"The Gentleman Was a Military Concept. The Lady Was a Legal Architecture. The Primary Source Record Documents What Both Cost American Women, and What They Built Anyway.",women_and_girls,American Women,Historical and Contemporary Record,,1620,,23,false,true,false,false,7,Fri Apr 07 1848 00:00:00 GMT+0000 (Coordinated Universal Time),Sun Mar 22 2026 11:00:00 GMT+0000 (Coordinated Universal Time),1,0,13,gentleman military concept history; lady legal architecture women; chivalry etymology Old French; hlæfdige Old English meaning; historical cost of chivalry women; gender role primary sources; American women legal history; chivalry historical origins; what women built despite restrictions; lady etymology bread kneading; gender construction historical record; women's achievements primary sources; historical gender architecture America
CB-000045,The United States Is Paying $2.8 Billion Per Day in Interest on Its Debt. The Congressional Record Documents Who Voted for Every Dollar of It.,money_and_power,U.S. Congress,Legislative Branch of the United States Government,,1523,,29,false,true,false,true,11,Tue Mar 17 2026 00:00:00 GMT+0000 (Coordinated Universal Time),Sun Mar 22 2026 10:05:00 GMT+0000 (Coordinated Universal Time),19,0,13,U.S. national debt $39 trillion; 2.8 billion per day interest payments; Congressional Record debt votes; who voted for national debt; GAO national debt audit; CBO debt trajectory projection; March 17 2026 debt milestone; Congressional voting record debt; federal debt interest cost; Congress voted for debt spending; national debt accountability; which congressmen voted debt increases; U.S. debt Congressional votes documented
CB-000046,The Vanishing Act: How CNN's 2020 Diversity Pledge Disappeared Inside a $40 Billion Debt Load,censorship,,,,1541,,33,false,true,false,false,4,Wed Jul 10 2024 00:00:00 GMT+0000 (Coordinated Universal Time),Mon Mar 23 2026 22:16:40 GMT+0000 (Coordinated Universal Time),4,0,13,CNN diversity pledge 2020; Jeff Zucker diversity commitment; Mark Thompson CNN diversity team disbanded; CNN diversity team eliminated July 2024; CNN 40 billion debt; Warner Bros Discovery debt CNN; CNN race coverage team shutdown; Jeff Zucker Mark Thompson diversity; CNN SEC filings diversity; corporate debt diversity programs cut; CNN diversity pledge broken; how CNN killed diversity initiative; CNN internal memos diversity elimination
CB-000047,The Second Amendment Has a Race Problem. The Primary Source Record Documents It.,us_constitution,,,,1607,,46,false,true,false,false,5,Wed Jul 06 2016 00:00:00 GMT+0000 (Coordinated Universal Time),Mon Mar 23 2026 23:19:53 GMT+0000 (Coordinated Universal Time),5,0,13,Philando Castile shooting; Philando Castile; Second Amendment racial disparity; NRA response Philando Castile; concealed carry permit racial bias; gun rights racial double standard; Second Amendment history race; legal firearm owner killed; castle doctrine racial application; Jeronimo Yanez acquittal; NRA silent on Black gun owner; racial bias Second Amendment enforcement; constitutional law race discrimination
CB-000048,The Elimination Program Failed. The Census Confirms It. The First Nations Are Here.,us_history,,,,1511,,40,false,true,false,false,6,Fri May 28 1830 00:00:00 GMT+0000 (Coordinated Universal Time),Tue Mar 24 2026 00:10:37 GMT+0000 (Coordinated Universal Time),1,0,13,Indigenous elimination policy United States; 2020 Census American Indian Alaska Native; Native American population 9.7 million; First Nations survival; U.S. government Indigenous elimination program; Native American genocide documentation; American Indian population growth; Indigenous peoples census data; Native American removal policy failure; First Nations demographic recovery; Indigenous resistance United States; American Indian population 2020; Native genocide primary sources
CB-000049,What the First Nations Knew First: A Documented Inventory of Knowledge Modern America Is Still Catching Up To,us_history,,,,1510,,25,false,true,false,false,6,Wed Sep 22 2021 00:00:00 GMT+0000 (Coordinated Universal Time),Tue Mar 24 2026 00:14:55 GMT+0000 (Coordinated Universal Time),5,0,13,Indigenous knowledge systems; Native American agricultural knowledge; First Nations fire ecology; Indigenous medicine primary sources; Native American engineering; Western science Indigenous knowledge; traditional ecological knowledge documentation; First Nations mental health practices; Indigenous agricultural innovation; Native American controlled burns; Indigenous knowledge appropriation; traditional Native knowledge systems; American Indian scientific contributions
CB-000050,Give Me Your Tired: The Primary Source Record of Who Made Them Tired in the First Place,global_south,,,,1589,,33,false,true,false,false,6,Sun Jun 27 1954 00:00:00 GMT+0000 (Coordinated Universal Time),Tue Mar 24 2026 00:35:30 GMT+0000 (Coordinated Universal Time),2,0,13,Emma Lazarus New Colossus 1883; CIA Guatemala coup 1954; IMF structural adjustment 1980s; Honduras coup 2009 State Department; U.S. immigration root causes; American intervention Central America; U.S. foreign policy immigration connection; CIA Latin America coups; immigration caused by U.S. policy; structural adjustment programs migration; U.S. destabilization Central America; foreign policy creates refugees; primary sources U.S. intervention immigration
CB-000051,The Arithmetic of Presence: What the 2020 and 2025 Census Records Actually Document About White America. A ClownBinge Exclusive.,us_history,,,,1758,,24,false,true,false,false,6,Thu Aug 12 2021 00:00:00 GMT+0000 (Coordinated Universal Time),Tue Mar 24 2026 02:28:17 GMT+0000 (Coordinated Universal Time),3,0,14,white replacement theory debunked; great replacement theory census data; 2020 Census white population; 2025 Census demographics; white America replacement claim; Census Bureau white population statistics; replacement theory fact check; white demographic erasure claim; Federal Reserve demographic data; white population Census arithmetic; replacement conspiracy theory census; white majority demographics 2020; Federal Judicial Center demographic data; great replacement debunked census
CB-000052,The Clinical Cost of the Label: A Documented Inventory of How 'DEI' as a Variable Produces Measurable Dehumanization,investigations,,,,1520,,19,false,true,false,false,5,Mon Jan 20 2025 00:00:00 GMT+0000 (Coordinated Universal Time),Tue Mar 24 2026 02:41:42 GMT+0000 (Coordinated Universal Time),4,0,13,DEI discrimination; diversity equity inclusion hiring; DEI candidate label; subject matter expert vs DEI; Department of Education DEI policy; National Institutes of Health DEI; U.S. Census Bureau DEI; DEI dehumanization study; credentialed labor reclassification; DEI hiring practices investigation; institutional discrimination DEI; diversity hiring documented cost; DEI administrative classification
CB-000053,"Fake News, Foucault, and Durkheim: Trump's Term Has Prophetic Roots",nerd_out,,,,1513,,15,false,false,false,false,4,Fri Feb 17 2017 00:00:00 GMT+0000 (Coordinated Universal Time),Tue Mar 24 2026 03:45:39 GMT+0000 (Coordinated Universal Time),11,0,13,Émile Durkheim sociological method; Michel Foucault order of discourse; Donald Trump fake news; Trump fake news 2019 times; Foucault discourse analysis Trump; Durkheim social facts fake news; sociological theory Donald Trump; fake news phrase origins; Trump first term fake news count; power of words political language; Foucault 1970 discourse; Durkheim 1895 sociology; academic analysis Trump rhetoric
CB-000054,"Neither Columbus Nor George Washington Had a Visa: An American Chronology of Death, Displacement, Theatrical Property Rights and the Historical Meaning of Illegal",us_history,,,,1694,,45,false,true,false,true,5,,Sun Mar 22 2026 09:55:00 GMT+0000 (Coordinated Universal Time),18,0,13,Christopher Columbus no visa; George Washington immigration status; illegal immigration historical meaning; who invented the word illegal; Native American land theft history; U.S. immigration hypocrisy; stolen land United States; slavery and immigration America; Congress illegal immigration debate; indigenous displacement chronology; American colonization without permission; property rights Native Americans; historical record illegal immigration
CB-000055,Beyond Hopes & Dreams: Planning for Wealth Isn't Fantasy. It's The Only Way.,money_and_power,,,,2124,,23,false,true,false,false,6,,Tue Mar 24 2026 18:00:00 GMT+0000 (Coordinated Universal Time),4,0,13,Social Security Trust Fund depletion; 2024 Social Security Trustees Report; Social Security 2035 collapse; Social Security 83 cents dollar; retirement planning strategies 2024; financial industry wealth building; Social Security insolvency timeline; payroll tax coverage retirement; wealth planning before Social Security fails; retirement income strategies; Social Security depletion what to do; financial planning Social Security crisis; build wealth without Social Security
CB-000056,"The Strongest Thing: What the Research Has Always Known About Love, Healing, and Long Life",health_and_healing,,,,1807,,53,false,true,false,true,5,,Wed Mar 25 2026 12:00:00 GMT+0000 (Coordinated Universal Time),2,0,14,love and longevity research; forgiveness health benefits study; emotional healing life expectancy; peer-reviewed love health research; longitudinal health data forgiveness; chronic illness and relationships; forgiveness reduces illness; love healing long life study; eight decades health research love; emotional repair chronic disease; meaning and longevity research; relationship quality lifespan; forgiveness deliberately health outcomes; love as medical intervention
CB-000057,Woke Is Not a Slur. Using It Like One Is as American as Apple Pie: A Chronology of Black Liberation and Survival,us_history,,,,1800,,38,false,true,false,true,5,,Sun Mar 22 2026 09:45:00 GMT+0000 (Coordinated Universal Time),4,0,15,Leadbelly stay woke; Huddie Ledbetter 1938; woke origin history; Scottsboro Boys; stay woke meaning; Black liberation language; woke not a slur; Leadbelly Scottsboro; history of woke; African American vernacular history; Scottsboro nine teenagers; woke original meaning; cultural appropriation of woke; Black survival language; Leadbelly 1938 recording
CB-000058,Two Parties Cannot Represent 335 Million People. The Math Has Never Worked. The Record Proves It.,us_history,,,,1498,,23,false,true,false,true,12,,Sun Mar 22 2026 09:50:00 GMT+0000 (Coordinated Universal Time),5,0,14,two party system failure; American political system broken; two party system math; 335 million people representation; multiparty democracy; binary political system; structural crisis American politics; two party duopoly; political representation failure; American electoral system problems; third party impossibility; partisan binary system; political diversity representation; two bins political spectrum
CB-000059,Harriet Tubman Never Lost an Enslaved Passenger. Irena Sendler Never Gave Up a Jew. A Primary Source Record of Two Women Who Refused to Fail.,how_it_works,,,,2517,,44,false,true,false,true,7,,Sun Mar 22 2026 09:25:00 GMT+0000 (Coordinated Universal Time),7,0,15,Harriet Tubman Underground Railroad; Irena Sendler Holocaust rescuer; Harriet Tubman never lost passenger; Irena Sendler saved Jews; Chiune Sugihara Japanese diplomat; moral courage primary sources; rescue stories World War 2; Harriet Tubman perfect record; Polish Catholic Holocaust rescuer; individuals who saved lives; moral decision making crisis; Irena Sendler Warsaw ghetto; rescuers vs bystanders; humanitarian defiance; choosing people over systems
CB-000060,"No, Black Americans Do Not Commit More Violent Crime. ClownBinge Deconstructs the Racist Narratives That Hurt, With Empirical Data.",nerd_out,,,,1941,,34,false,true,false,false,3,Tue Mar 24 2020 00:00:00 GMT+0000 (Coordinated Universal Time),Sun Mar 22 2026 03:22:20 GMT+0000 (Coordinated Universal Time),6,0,14,Black Americans violent crime statistics; FBI crime data debunked; racist crime statistics false; Bureau of Justice Statistics race; Stanford Open Policing Project; National Registry of Exonerations; Black crime myth debunked; violent crime by race data; crime statistics racial bias; policing data racial disparities; false crime narratives race; empirical data Black crime; BJS crime statistics; racist crime claims debunked
CB-000061,The Attack on DEI Was a Ruse. We Compared the Qualifications of Obama and Trump Administration Appointees. The ClownBinge Investigation Is Telling.,nerd_out,,,,2023,95,32,false,true,false,true,9,Mon Jan 20 2025 00:00:00 GMT+0000 (Coordinated Universal Time),Mon Mar 30 2026 20:00:00 GMT+0000 (Coordinated Universal Time),76,0,15,DEI vs merit myth; Obama appointees qualifications; Trump appointees qualifications; DEI attack debunked; cabinet credentials comparison; Obama vs Trump cabinet; diversity versus merit false choice; appointee qualifications study; anti-DEI argument tested; Obama administration credentials; Trump administration credentials; merit argument against DEI; cabinet appointee academic records; diversity equity inclusion qualifications; presidential appointees comparison
CB-000062,It's Time to End the Egregious and Barbaric Practice of State-Sanctioned Revenge: Why Executions Must Stop.,law_and_justice,The U.S. Capital Punishment System,Federal and State Government Practice,,1958,,18,false,true,false,false,16,Mon Jan 01 2024 00:00:00 GMT+0000 (Coordinated Universal Time),Wed Mar 25 2026 01:17:23 GMT+0000 (Coordinated Universal Time),16,0,14,death penalty United States; capital punishment statistics; death row exonerations since 1973; innocent people executed; 4.1% wrongful execution rate; racial bias death penalty; botched executions; death penalty abolition; capital punishment empirical evidence; wrongful convictions death row; death penalty innocent rate; capital punishment racial disparity; execution methods failures; end death penalty
CB-000063,"Black Seed Oil: Social Media Found It Last Week. The Global South Has Known for 1,400 Years. Now Science Has Receipts.",health_and_healing,Nigella sativa (Black Seed Oil),Botanical Compound Under Scientific Investigation,,2032,,56,false,true,false,false,16,Mon Jan 01 2024 00:00:00 GMT+0000 (Coordinated Universal Time),Sat Mar 28 2026 14:00:00 GMT+0000 (Coordinated Universal Time),11,0,14,black seed oil; Nigella sativa; black seed oil scientific studies; thymoquinone; Sahih al-Bukhari black seed; Ibn Sina black seed oil; black seed oil PubMed studies; Nigella sativa anti-inflammatory; black seed oil 1400 years; thymoquinone inflammation pathway; black seed oil clinical trials; traditional medicine scientific validation; Global South traditional knowledge; black seed oil peer-reviewed research
CB-000064,"Jericho Has Been Continuously Inhabited Since 9,000 BCE. The Archaeological Record of Palestinian Civilization Is Not Disputed.",global_south,,,,1513,,90,false,true,false,false,14,,Thu Mar 26 2026 08:07:53 GMT+0000 (Coordinated Universal Time),3,0,13,Jericho 9000 BCE; Palestinian archaeological record; continuous habitation Palestine; Jericho oldest city; Palestine carbon-14 dating; Palestinian civilization history; archaeological evidence Palestine; cuneiform tablets Palestine; Ottoman land registries Palestine; Byzantine mosaics Palestine; Egyptian stelae Palestine; primary sources Palestinian history; ancient Palestine archaeology
CB-000065,Herodotus Recorded 'Dark-Skinned and Woolly-Haired.' The Primary Source Record of Kemet as Black African Civilization and the Seat of Human Knowledge.,global_south,,,,2027,,43,false,true,false,false,12,,Thu Mar 26 2026 08:27:13 GMT+0000 (Coordinated Universal Time),0,0,13,Herodotus Kemet; Herodotus Egypt dark-skinned; ancient Egypt Black African; Kemet woolly-haired; Herodotus 5th century BCE Egypt; ancient Egypt primary sources; Black African civilization Egypt; Kemet mathematics medicine astronomy; ancient Egyptian knowledge; Herodotus Histories Egypt; Egypt solar calendar origin; African origins ancient Egypt; primary source Kemet Black civilization
CB-000066,Hijacking Voice: The Documented Legality of Gerrymandering and What the Supreme Court Said Could Not Be Fixed.,us_constitution,,,,1857,,58,false,true,false,false,11,,Thu Mar 26 2026 08:45:00 GMT+0000 (Coordinated Universal Time),0,0,14,political gerrymandering; Chief Justice John Roberts gerrymandering; Rucho v Common Cause 2019; Supreme Court gerrymandering ruling; gerrymandering unconstitutional but legal; federal courts gerrymandering authority; Voting Rights Act gerrymandering; Fourteenth Amendment gerrymandering; Fifteenth Amendment voting rights; minority vote dilution; how gerrymandering is legal; Supreme Court 2019 gerrymandering decision; John Roberts political gerrymandering; legal voter suppression gerrymandering
CB-000068,The Treasure Reveals the Heart: ClownBinge's Four-Year Analysis of Congressional Appropriation Funding,war_and_inhumanity,,,,2008,,66,false,true,false,false,7,Thu Mar 26 2026 00:00:00 GMT+0000 (Coordinated Universal Time),Thu Mar 26 2026 00:00:00 GMT+0000 (Coordinated Universal Time),1,0,13,congressional appropriations FY 2021-2024; military funding allocation; conflict zone spending; congressional budget analysis; defense appropriations data; military aid funding; war spending breakdown; congressional allocation decisions; fiscal year 2021-2024 military budget; conflict zone appropriations; defense spending analysis; congressional war funding; military budget priorities
CB-000070,White Women Were the Primary Beneficiaries of Affirmative Action. Not Black People. The Federal Record Confirms It.,disarming_hate,,,,1699,,22,false,true,false,false,12,,Fri Mar 27 2026 12:00:00 GMT+0000 (Coordinated Universal Time),0,0,13,white women affirmative action beneficiaries; who benefited most from affirmative action; Department of Labor affirmative action data; Glass Ceiling Commission report; affirmative action white women statistics; EEOC affirmative action data; affirmative action federal record; white women vs Black people affirmative action; affirmative action beneficiary statistics; affirmative action myth debunked; who gained from affirmative action; affirmative action peer-reviewed research; Glass Ceiling Commission findings
CB-000071,"They Chose Each Other When It Cost Them Something. Fred Hampton, Viola Liuzzo, Thomas Garrett, Ruby Bates, and the Tuskegee Airmen. The Documented Record.",disarming_hate,,,,1705,,45,false,true,false,true,11,,Fri Mar 27 2026 13:00:00 GMT+0000 (Coordinated Universal Time),10,0,14,Fred Hampton coalition; Viola Liuzzo Alabama; Thomas Garrett Delaware; Ruby Bates recantation; Tuskegee Airmen white crews; Stuart Hall racial solidarity; Fred Hampton Appalachians Black Panthers; interracial solidarity history; Americans who crossed racial lines; Viola Liuzzo Selma; Ruby Bates Scottsboro recant; Thomas Garrett abolitionist; Tuskegee Airmen requested by name; Fred Hampton Rainbow Coalition
CB-000072,"Spirituality, It Turns Out, Is Extremely Good for the Human Psyche. Harvard, Johns Hopkins, and Duke Have the Data.",health_and_healing,,,,1959,,40,false,true,false,false,8,,Sat Mar 28 2026 12:00:00 GMT+0000 (Coordinated Universal Time),0,0,13,spirituality health benefits research; Harvard spirituality study 74534 women; Johns Hopkins mystical experience study; Duke University prayer research; interleukin-6 prayer study; spirituality peer-reviewed research; mystical experience terminally ill patients; spirituality mental health Harvard; prayer health benefits Duke; Johns Hopkins psilocybin spirituality; spirituality psyche benefits; peer-reviewed spirituality health data; Harvard 16-year spirituality study
CB-000073,A Jury of Your Peers. America's Most Durable Constitutional Lie.,law_and_justice,,,,1737,,53,false,true,false,false,13,,Fri Mar 27 2026 15:00:00 GMT+0000 (Coordinated Universal Time),0,0,14,jury of your peers Sixth Amendment; jury discrimination Supreme Court; Sixth Amendment jury peers myth; Fourteenth Amendment equal protection jury; jury discrimination 1880 Supreme Court; Batson v Kentucky 1986; jury selection discrimination history; unconstitutional jury discrimination; jury of peers constitutional lie; Supreme Court jury discrimination rulings; jury selection equal protection; Strauder v West Virginia 1880; jury discrimination case history; jury selection racial discrimination
CB-000074,"A Country Built on Stolen Land, Stolen Labor, and Stolen Lives Would Like You to Know It Built Itself.",us_history,,,,1744,,40,false,true,false,false,10,,Fri Mar 27 2026 16:00:00 GMT+0000 (Coordinated Universal Time),0,0,15,Edward Baptist; stolen land stolen labor; Indigenous land theft; slavery economic impact; Federal Reserve slavery data; Black labor exploitation history; Mexican labor theft; kidnapping of Africans; American slavery economics; wealth gap historical causes; policy outcomes of slavery; labor theft United States; Indigenous dispossession America; slavery built America; racial wealth gap origins
CB-000075,Racism Is Never OK: The Difficult Conversations We Must All Have With Our Families. Accountability Matters.,disarming_hate,,,,1723,,52,false,true,false,false,10,,Fri Mar 27 2026 17:00:00 GMT+0000 (Coordinated Universal Time),0,0,13,confronting family racism; accountability for racist relatives; difficult conversations about race; calling out family members racism; dinner table racism conversations; holding family accountable; talking to racist family; racism in families; confronting loved ones racism; racial accountability research; family racism intervention; difficult race conversations; challenging racist relatives
CB-000076,The Countries America Bombs Are Overwhelmingly Non-White. Their Resources Are Almost Always the Point. The Evidence Is in the Record.,us_history,,,,2250,,57,false,true,false,false,11,,Fri Mar 27 2026 18:00:00 GMT+0000 (Coordinated Universal Time),0,0,14,American bombing non-white countries; Iraq oil reserves war; Libya gold-backed currency; Iran 1953 CIA coup; Iran oil nationalization 1953; American resource wars; Libya largest oil reserves Africa; declassified American wars; bombing countries for resources; CIA Iran democracy 1953; Iraq second-largest oil reserves; American wars of choice pattern; resource extraction wars; Western financial control Africa
CB-000077,Do Unto Others: The Case for No More Economic Wars. Our Children's Children Will Hate Us for Them.,us_history,,,,1664,,13,false,true,false,false,10,,Fri Mar 27 2026 19:00:00 GMT+0000 (Coordinated Universal Time),1,0,12,8 trillion dollar wars; American economic warfare; Global South receipts; intergenerational war costs; economic warfare consequences; America bombing spending; 6 billion people Global South; future generations war debt; economic wars blowback; Global South distrust America; children paying for wars; intergenerational math warfare
CB-000078,The Negativity Is Killing You: The Case for Retiring Hatred and Unnecessary Stress,health_and_healing,,,,1783,,27,false,true,false,false,10,,Mon Mar 30 2026 12:00:00 GMT+0000 (Coordinated Universal Time),0,0,14,chronic stress health effects; hatred physiological consequences; cortisol inflammation research; anger cardiovascular damage; stress lethal consequences; chronic anger health impact; sustained stress biology; hatred kills you research; stress predator response; cortisol cascade health; unnecessary stress damage; anger inflammation connection; retiring hatred health benefits; chronic negativity health research
CB-000079,"Do Republicans Support White DEI? Introducing WDEI: White Discrimination, Exclusion, and Ignorance",disarming_hate,,,,1607,,10,false,true,false,false,8,,Fri Mar 27 2026 22:00:00 GMT+0000 (Coordinated Universal Time),7,0,12,DEI; WDEI; affirmative-action; legacy-admissions; discrimination; whiteness; systemic-racism; merit; executive-order; GI-bill; labor-economics; neologism
CB-000080,How Many Times Have You Denied Your Truth to Fit In? Your Ancestors Did Not Survive for This.,health_and_healing,,,,1606,,7,false,true,false,false,7,,Wed Mar 25 2026 10:00:00 GMT+0000 (Coordinated Universal Time),0,0,12,conformity; groupthink; creativity; individuality; innovation; ancestors; psychological-safety; Asch; Janis; Moscovici; epigenetics; authenticity
CB-000081,"The Gaza Riviera Plan: While 47,000 Were Documented Dead, Kushner Called the Waterfront ""Very Valuable Real Estate"" and Proposed a Temporary Move of the People. CB Investigates.",war_and_inhumanity,Jared Kushner,Former Senior White House Adviser,Republican,1516,88,,true,true,false,false,0,Tue Feb 18 2025 00:00:00 GMT+0000 (Coordinated Universal Time),Sun Mar 29 2026 09:36:48 GMT+0000 (Coordinated Universal Time),20,0,17,Gaza; Palestine; Kushner; Trump; genocide; ICJ; Gaza-Riviera; ethnic-cleansing; neocolonialism; real-estate; beachfront; accountability; primary-sources; CB-Investigates; displacement; Lancet; ICJ-ruling
CB-000082,The IHRA Definition of Antisemitism Is Being Used to Fire Professors and Expel Students for Political Speech. Two Hundred Jewish Scholars Say the Definition Is Wrong. CB Investigates.,censorship,,,,1515,,,false,true,false,false,6,,Fri Apr 03 2026 01:19:31 GMT+0000 (Coordinated Universal Time),1,0,0,
CB-000083,Protecting Racist Speech and Rejecting Racism Are Not Contradictory Positions. The Western Free Speech Tradition Was Built to Hold Both. CB Investigates.,censorship,,,,2161,,,false,true,false,false,8,,Fri Apr 03 2026 01:19:31 GMT+0000 (Coordinated Universal Time),1,0,0,
CB-000084,The People You Have Been Performing For Do Not Actually Like You. Research Documents What That Performance Is Costing. CB Investigates.,health_and_healing,,,,1756,,,false,true,false,false,8,,Tue Mar 24 2026 12:00:00 GMT+0000 (Coordinated Universal Time),3,0,0,
CB-000085,Your Friends Are Keeping You Alive. Harvard Tracked 724 People for Eighty Years and Found Nothing More Important.,health_and_healing,,,,1931,,,false,true,false,false,9,,Wed Mar 25 2026 14:00:00 GMT+0000 (Coordinated Universal Time),3,0,0,
CB-000086,Daily Affirmation Is Not Cheesy. Four Thousand Years of Primary Sources and One fMRI Say It Is Strategic.,health_and_healing,,,,1711,,,false,true,false,false,6,,Sat Mar 28 2026 10:00:00 GMT+0000 (Coordinated Universal Time),2,0,10,affirmation science; neuroscience; self-affirmation; Marcus Aurelius; Pyramid Texts; ancient wisdom; fMRI; health; purpose; daily practice
CB-000087,You Do Not Have to Destroy Yourself at the Gym. The Science on Daily Walking Is Overwhelming.,health_and_healing,,,,1708,,,false,true,false,false,6,,Mon Mar 30 2026 10:00:00 GMT+0000 (Coordinated Universal Time),2,0,10,walking; health; science; longevity; cardiovascular; brain health; BDNF; mental health; mortality; exercise
CB-000088,"Sugar Is Gourmet Food for the Parasites in Your Gut. The Empirical Record on HFCS, Gut Dysbiosis, and the American Obesity Crisis.",health_and_healing,,,,1894,,,false,true,false,false,7,,Mon Mar 30 2026 14:00:00 GMT+0000 (Coordinated Universal Time),1,0,12,sugar; high fructose corn syrup; HFCS; obesity; gut health; cancer; liver disease; diabetes; cardiovascular; nutrition; metabolic health; gut microbiome
CB-000089,"Beyond Discourse Theatre: What International Law Has Said About Self-Determination, Land Sovereignty, and the Right of Defense Since 1920.",law_and_justice,,,,2012,,,false,true,false,false,5,,Mon Mar 30 2026 18:57:41 GMT+0000 (Coordinated Universal Time),3,0,11,international law; Palestine; self-determination; Geneva Convention; ICJ; land sovereignty; Article 51; Montevideo Convention; Balfour Declaration; occupation; United Nations
CB-000090,The Human Upgrade You Never Knew Was Best: How Evolution Uses Diversity to Build a Better Immune System,nerd_out,,,,1796,,,false,true,false,false,13,,Mon Mar 30 2026 20:34:52 GMT+0000 (Coordinated Universal Time),18,0,9,genetics; evolution; heterosis; MHC; diversity; science; reproductive-fitness; inbreeding; hybrid-vigor
CB-000091,The Biological Age Gap: The Epigenetic Receipts on Why Some Bodies Are Aging Faster Than Others,nerd_out,,,,1759,,,false,true,false,false,8,,Mon Mar 30 2026 22:00:00 GMT+0000 (Coordinated Universal Time),5,0,6,epigenetics; aging; biology; racism; health; science
CB-000092,Are there Strength Differences Between Men and Women? ClownBinge Researches. The Facts Might Surprise,nerd_out,,,,1971,,,true,true,false,false,13,,Mon Mar 30 2026 21:58:05 GMT+0000 (Coordinated Universal Time),16,0,7,biology; sex differences; health; research; cognition; immune system; longevity
CB-000093,Thou Shall Not Gift: What Federal Law Says About Elected Officials and Personal Gifts - All Branches of Government,us_constitution,,,,1781,,,false,true,false,false,14,,Mon Mar 30 2026 22:04:53 GMT+0000 (Coordinated Universal Time),1,0,8,us constitution; federal law; gifts; ethics; congress; supreme court; executive branch; accountability
CB-000094,"The Science of Knowing Yourself: What Journaling Research Actually Proves About the Brain, the Body, and Behavior",health_and_healing,,,,1923,,,false,true,false,false,12,,Mon Mar 30 2026 22:25:57 GMT+0000 (Coordinated Universal Time),2,0,7,mental health; journaling; neuroscience; psychology; health; wellbeing; research
CB-000095,What is Primary Source Journalism? How ClownBinge Solves the Media Trust Crisis with Evidence,how_it_works,,,,1670,,,false,true,false,false,11,,Tue Mar 31 2026 18:21:58 GMT+0000 (Coordinated Universal Time),6,0,8,media; journalism; partisanship; primary sources; accountability; polarization; fake news; media literacy
CB-000096,Is a Wealth Tax Constitutional? What the 16th Amendment and 104 Years of Case Law Actually Say,money_and_power,,,,1500,,,false,true,false,false,10,,Tue Mar 31 2026 18:00:00 GMT+0000 (Coordinated Universal Time),2,0,7,staff-favorite; constitutional-law; taxation; wealth-tax; 16th-amendment; supreme-court; money-power
CB-000097,Women Build Too: 50 Business Women Who Changed the World,women_and_girls,,,,4492,,,true,true,false,false,11,,Wed Apr 01 2026 12:00:00 GMT+0000 (Coordinated Universal Time),5,0,8,women_and_girls; women; business; history; staff-favorite; nerd-out; academic; multicultural
CB-000098,Trickledown 'Economic Religion' Was Jim Jones without the Violence: ClownBinge Reviews the Data of American Economic Conditions after Republican and Democratic Administrations.,money_and_power,,,,2685,,,true,true,false,false,10,,Wed Apr 01 2026 14:00:00 GMT+0000 (Coordinated Universal Time),4,0,8,money_and_power; economics; trickle-down; republican; democratic; nerd-out; academic; how_it_works
CB-000099,"The Power of Letting God Be the Judge: Let Your Light Shine, Love the Stranger, Who Is Everyone",religion,,,,2452,,,false,true,false,true,19,,Thu Apr 02 2026 12:00:00 GMT+0000 (Coordinated Universal Time),5,0,10,religion; interfaith; golden-rule; compassion; axial-age; ubuntu; Karen Armstrong; theology; tolerance; Howard Thurman
CB-000100,"Black, Native, and Mexican History Is U.S. History. This Is Not Even Up for Debate.",us_history,,,,1513,,,true,true,false,true,13,,Thu Apr 02 2026 13:00:00 GMT+0000 (Coordinated Universal Time),4,0,9,us-history; black-history; native-american; mexican-american; reconstruction; treaty-of-guadalupe-hidalgo; indian-removal-act; 13th-amendment; civil-rights
CB-000101,U.S. History: The Story of Chinese Exclusion and Japanese Internment,us_history,,,,1576,,,false,true,false,false,14,,Thu Apr 02 2026 14:00:00 GMT+0000 (Coordinated Universal Time),2,0,9,chinese-exclusion-act; japanese-internment; executive-order-9066; korematsu; 442nd-regiment; asian-american-history; civil-liberties-act; us-history; reparations
CB-000102,"Yes, Mexicans Are Likely More Native American Than You. ClownBinge Engages U.S. History.",us_history,,,,1505,,,false,true,false,true,14,,Thu Apr 02 2026 15:00:00 GMT+0000 (Coordinated Universal Time),3,0,10,mexican-american; native-american; genetics; treaty-of-guadalupe-hidalgo; mestizo; immigration; dna; us-history; demographics; ancestry
CB-000103,"Yes, Obesity Snatches Decades Off of Your Life. The Science Guides Us to Health",health_and_healing,,,,1769,,,false,true,false,false,9,,Thu Apr 02 2026 19:41:55 GMT+0000 (Coordinated Universal Time),0,0,10,health_and_healing; obesity; longevity; BMI; Framingham; NHANES; metabolic-health; cardiovascular; life-expectancy; diabetes-prevention
CB-000104,"Do we Need Less Sleep As We Age? ClownBinge Investigates Aging, Energy, and the Sleep We Require to Maintain",health_and_healing,,,,1850,,,false,true,false,false,8,,Thu Apr 02 2026 19:41:55 GMT+0000 (Coordinated Universal Time),0,0,10,health_and_healing; sleep; aging; slow-wave-sleep; glymphatic; cognitive-health; longevity; neuroscience; dementia; memory
CB-000105,Sickle Cell Science Breakthrough: Good News for Africans Around the Diaspora,health_and_healing,,,,1869,,,false,true,false,false,8,,Thu Apr 02 2026 19:41:55 GMT+0000 (Coordinated Universal Time),0,0,10,health_and_healing; sickle-cell; gene-therapy; CRISPR; Casgevy; FDA; African-diaspora; global-south; health-equity; genomics
CB-000106,Sleep Is Not Optional: The Sacred Repair Work That Happens As You Sleep,health_and_healing,,,,1978,,,false,true,false,false,11,,Thu Apr 02 2026 19:41:55 GMT+0000 (Coordinated Universal Time),0,0,11,health_and_healing; sleep; glymphatic; brain-health; memory; REM; neuroscience; immune-function; Alzheimer; dementia; circadian
CB-000107,Beyond the Doormat Trap: You Are Too Valuable to Be a Doormat at the Holidays,health_and_healing,,,,1681,,,false,true,false,false,7,,Thu Apr 02 2026 20:01:19 GMT+0000 (Coordinated Universal Time),0,0,10,health_and_healing; boundaries; authenticity; self-owned; holidays; fawn-response; psychology; self-worth; conflict; assertiveness
CB-000108,"No, Time is Not Money: It is The Most Sacred Thing You've Borrowed, Though",health_and_healing,,,,1815,,,false,true,false,false,8,,Thu Apr 02 2026 20:01:19 GMT+0000 (Coordinated Universal Time),0,0,10,health_and_healing; time; meaning; attention; regret; longevity; psychology; philosophy; Harvard-study; attention-economy
CB-000109,"Sit with Grandma or Grandpa, If They're Still Here: The Wisdom of Your Kin Can Be Healing",health_and_healing,,,,1798,,,false,true,false,false,8,,Thu Apr 02 2026 20:01:19 GMT+0000 (Coordinated Universal Time),0,0,10,health_and_healing; intergenerational; elders; community; healing; wisdom; longevity; African-diaspora; oral-tradition; grandparents
CB-000110,Loneliness Is as Lethal as Smoking 15 Cigarettes a Day. Science Confirmed What the Isolated Already Knew.,health_and_healing,,,,1687,,,true,true,false,false,5,,Thu Apr 02 2026 20:01:19 GMT+0000 (Coordinated Universal Time),0,0,10,health_and_healing; loneliness; social-connection; community; mental-health; isolation; Surgeon-General; blue-zones; public-health; cardiovascular
CB-000111,The Gut-Brain Axis: Your Second Brain Is Running the Show More Than You Know,health_and_healing,,,,1641,,,true,true,false,false,7,,Thu Apr 02 2026 20:01:19 GMT+0000 (Coordinated Universal Time),0,0,10,health_and_healing; gut-health; microbiome; gut-brain-axis; mental-health; serotonin; inflammation; neuroscience; vagus-nerve; diet
CB-000112,Chronic Inflammation: The Invisible Fire That Is Burning Through Your Life,health_and_healing,,,,1891,,,false,true,false,false,7,,Thu Apr 02 2026 20:01:19 GMT+0000 (Coordinated Universal Time),0,0,10,health_and_healing; inflammation; chronic-disease; metabolic-health; gut-health; sleep; diet; longevity; cardiovascular; inflammaging
CB-000113,The Science of Grief: What Happens When You Don't Give Yourself Permission to Mourn,health_and_healing,,,,1656,,,true,true,false,false,7,,Thu Apr 02 2026 20:01:19 GMT+0000 (Coordinated Universal Time),0,0,10,health_and_healing; grief; mental-health; resilience; loss; psychology; trauma; healing; prolonged-grief; emotion-regulation
CB-000114,The Blue Zones: What Five Populations of the World's Longest-Lived People Actually Do,health_and_healing,,,,1946,,,false,true,false,false,7,,Thu Apr 02 2026 20:01:19 GMT+0000 (Coordinated Universal Time),0,0,11,health_and_healing; longevity; blue-zones; okinawa; Sardinia; Loma-Linda; Ikaria; diet; community; aging; plant-based
CB-000115,"Turmeric Is Not a Trend: The 4,000-Year Evidence Base Behind Curcumin and Inflammation",health_and_healing,,,,2030,,,false,true,false,false,7,,Thu Apr 02 2026 20:01:19 GMT+0000 (Coordinated Universal Time),0,0,10,health_and_healing; turmeric; curcumin; inflammation; traditional-medicine; global-south; Ayurveda; anti-inflammatory; gut-health; depression
CB-000116,The Research on Gratitude: Three Minutes a Day and a Documented Shift in Brain Chemistry,health_and_healing,,,,1714,,,false,true,false,false,6,,Thu Apr 02 2026 20:01:19 GMT+0000 (Coordinated Universal Time),0,0,10,health_and_healing; gratitude; positive-psychology; mental-health; brain-chemistry; neuroscience; wellbeing; journaling; cortisol; indigenous
CB-000117,The Great Dismal Swamp Maroon Nation: 150 Years of Freedom the Textbooks Buried,us_history,,,,1616,,,true,true,false,false,5,,Thu Apr 02 2026 20:20:56 GMT+0000 (Coordinated Universal Time),0,0,10,us_history; slavery; maroons; Great-Dismal-Swamp; African-American; resistance; archaeology; freedom; Virginia; North-Carolina
CB-000118,"The Bracero Program's Stolen Wages: 4.6 Million Workers, a Treaty Obligation, and Money That Was Never Returned",us_history,,,,1536,,,true,true,false,false,6,,Thu Apr 02 2026 20:20:56 GMT+0000 (Coordinated Universal Time),0,0,10,us_history; labor-history; immigration; Mexico; farmworkers; wage-theft; Bracero-Program; California; agricultural-labor; treaty
CB-000119,The Bonus Army of 1932: When the United States Government Burned Its Own Veterans Out of Washington,us_history,,,,1505,,,true,true,false,false,6,,Thu Apr 02 2026 20:20:56 GMT+0000 (Coordinated Universal Time),0,0,10,us_history; veterans; Great-Depression; military; MacArthur; Eisenhower; Patton; Hoover; labor; WWI
CB-000120,COINTELPRO and Fred Hampton: The Documented Planning of a Government Assassination,us_history,,,,1554,,,true,true,false,false,5,,Thu Apr 02 2026 20:20:56 GMT+0000 (Coordinated Universal Time),0,0,10,us_history; COINTELPRO; Fred-Hampton; FBI; Black-Panther-Party; civil-rights; assassination; surveillance; Chicago; government-abuse
CB-000121,"Sundown Towns: The 10,000+ American Communities That Were Officially White, and the Wealth They Stole",us_history,,,,1535,,,true,true,false,false,6,,Thu Apr 02 2026 20:20:56 GMT+0000 (Coordinated Universal Time),0,0,10,us_history; racism; housing; sundown-towns; redlining; wealth-gap; FHA; segregation; Illinois; civil-rights
CB-000122,The Indian Adoption Project: How the Federal Government and the Child Welfare League Systematically Removed Native Children from Their Families,us_history,,,,1543,,,false,true,false,false,6,,Thu Apr 02 2026 20:20:56 GMT+0000 (Coordinated Universal Time),0,0,10,us_history; Native-American; Indigenous; child-welfare; adoption; BIA; assimilation; Indian-Child-Welfare-Act; termination-policy; colonialism
CB-000123,The Manila Men of Louisiana: The First Asian Americans Arrived in 1763 in the Louisiana Bayou,us_history,,,,1573,,,true,true,false,false,6,,Thu Apr 02 2026 20:20:56 GMT+0000 (Coordinated Universal Time),0,0,10,us_history; Filipino-American; Asian-American; Louisiana; Manila-galleon; colonial-history; immigration; bayou; St-Malo; 1763
CB-000124,The American Eugenics Program Gave Nazi Germany Its Template. The Primary Sources Are in the Archives.,us_history,,,,1566,,,true,true,false,false,6,,Thu Apr 02 2026 20:20:56 GMT+0000 (Coordinated Universal Time),0,0,10,us_history; eugenics; Nazi-Germany; forced-sterilization; Buck-v-Bell; Supreme-Court; race; Cold-Spring-Harbor; scientific-racism; civil-liberties
CB-000125,The Freedmen's Bureau: What 1.5 Million Pages of Government Records Say About What Reconstruction Actually Was,us_history,,,,1539,,,true,true,false,false,6,,Thu Apr 02 2026 20:20:56 GMT+0000 (Coordinated Universal Time),0,0,10,us_history; Reconstruction; Freedmens-Bureau; slavery; Andrew-Johnson; HBCU; African-American; civil-rights; land-ownership; archives
CB-000126,The Tulsa Race Massacre: What the 2001 Commission Report and the Archaeological Evidence Actually Document,us_history,,,,1524,,,false,true,false,false,5,,Thu Apr 02 2026 20:20:56 GMT+0000 (Coordinated Universal Time),0,0,10,us_history; Tulsa-race-massacre; Greenwood; Black-Wall-Street; Oklahoma; 1921; reparations; racism; insurance; archaeology
CB-000127,The 1887 Dawes Act Transferred 90 Million Acres. Here Is What That Costs in 2025.,us_history,,,,1824,,,true,true,false,false,8,,Thu Apr 02 2026 20:59:45 GMT+0000 (Coordinated Universal Time),1,0,7,us_history; indigenous; land_rights; federal_policy; racial_wealth_gap; dawes_act; primary_sources
CB-000128,The CHIPS and Science Act Passed 243-187. The Job Announcements That Followed Went to Districts Whose Members Voted No.,self_owned,,,,1532,8,,false,true,false,false,4,,Thu Apr 02 2026 21:40:31 GMT+0000 (Coordinated Universal Time),0,0,6,self_owned; chips_act; federal_contract; industrial_policy; congressional_record; primary_sources
CB-000129,The Infrastructure Investment and Jobs Act Passed 228-206. The Members Who Voted No Did Not Stop the Grant Announcements.,self_owned,,,,1511,8,,false,true,false,false,4,,Thu Apr 02 2026 21:40:31 GMT+0000 (Coordinated Universal Time),0,0,6,self_owned; infrastructure; federal_contract; congressional_record; usaspending; primary_sources
CB-000130,The Federal Government Has Paid $425 Billion in Farm Subsidies Since 1995. The Distribution Is in the USDA Record.,self_owned,,,,1557,7,,false,true,false,false,4,,Thu Apr 02 2026 21:40:31 GMT+0000 (Coordinated Universal Time),0,0,6,self_owned; farm_subsidies; federal_contract; usda; government_spending; primary_sources
CB-000131,The SBA Released 525 Billion Dollars in PPP Loan Data. The Congressional Financial Disclosures and the Roll Call Records Are in the Same Public Archive.,self_owned,,,,1585,8,,false,true,false,false,5,,Thu Apr 02 2026 21:40:31 GMT+0000 (Coordinated Universal Time),0,0,6,self_owned; ppp_loans; covid_relief; financial_disclosure; federal_contract; primary_sources
CB-000132,The National Debt Is $34 Trillion. The Defense Budget Is $886 Billion. The BRAC Process That Would Reduce It Has Been Refused Since 2005.,self_owned,,,,1652,7,,false,true,false,false,4,,Thu Apr 02 2026 21:40:31 GMT+0000 (Coordinated Universal Time),0,0,7,self_owned; defense_spending; brac; national_debt; federal_contract; congressional_record; primary_sources
CB-000133,"The FEC Form 3 Is Public. The ""Fighting Special Interests"" Campaign and the PAC Funding Line Are on the Same Federal Database.",self_owned,,,,1560,7,,false,true,false,false,4,,Thu Apr 02 2026 21:47:58 GMT+0000 (Coordinated Universal Time),0,0,7,self_owned; campaign_finance; fec; pac_money; dark_money; congressional_record; primary_sources
CB-000134,You Cannot Legally Refuse a Super PAC. The Campaign Finance Law That Created Super PACs Also Makes It Illegal to Coordinate Stopping Them.,self_owned,,,,1649,9,,false,true,false,false,4,,Thu Apr 02 2026 21:47:58 GMT+0000 (Coordinated Universal Time),0,0,7,self_owned; citizens_united; super_pac; campaign_finance; dark_money; fec; primary_sources
CB-000135,The Contract with America Promised a Term Limits Vote. The Vote Happened in 1995. The FEC Candidacy Database Documents What Happened to the Pledge-Signers After That.,self_owned,,,,1598,8,,false,true,false,false,4,,Thu Apr 02 2026 21:47:58 GMT+0000 (Coordinated Universal Time),0,0,7,self_owned; term_limits; contract_with_america; fec; congressional_record; 1994; primary_sources
CB-000136,"The ""No Corporate PAC Money"" Pledge Covers One Line on FEC Form 3. The Form Has Fourteen Lines. Schedule A Has No Limit.",self_owned,,,,1631,8,,false,true,false,false,4,,Thu Apr 02 2026 21:47:58 GMT+0000 (Coordinated Universal Time),0,0,7,self_owned; campaign_finance; fec; pac_money; corporate_donations; pledge; primary_sources
CB-000137,The DISCLOSE Act Has Been Blocked Since 2010. The 501(c)(4) Architecture It Would Have Closed Is in the Internal Revenue Code.,self_owned,,,,1620,9,,false,true,false,false,5,,Thu Apr 02 2026 21:47:58 GMT+0000 (Coordinated Universal Time),0,0,7,self_owned; dark_money; 501c4; disclose_act; campaign_finance; fec; primary_sources
CB-000138,The STOCK Act Requires Members to Report Stock Trades Within 30 Days. The Disclosure Database Shows Which Committees They Serve On. Both Are Public.,self_owned,,,,1611,8,,false,true,false,false,4,,Thu Apr 02 2026 21:47:58 GMT+0000 (Coordinated Universal Time),0,0,6,self_owned; stock_act; congressional_trading; financial_disclosure; campaign_finance; primary_sources
CB-000139,The Senate Intelligence Committee Listed Twenty Specific Claims CIA Officials Made About the Interrogation Program. Then Listed the CIA's Own Documents That Contradicted Each One.,self_owned,,,,1620,9,,false,true,false,false,3,,Thu Apr 02 2026 21:53:47 GMT+0000 (Coordinated Universal Time),0,0,7,self_owned; cia; senate_intelligence; congressional_oversight; primary_sources; torture_report; declassified
CB-000140,The CBO Scores Every Bill. The Congressional Record Has Every Floor Speech. The C-SPAN Archive Has the Video. All Three Are Searchable.,self_owned,,,,1663,8,,false,true,false,false,4,,Thu Apr 02 2026 21:53:47 GMT+0000 (Coordinated Universal Time),0,0,7,self_owned; cbo; congressional_record; cspan; deficit; fiscal_policy; primary_sources
CB-000141,The Inflation Reduction Act Passed 51-50. The Senate Roll Call and the FEC Energy Sector Contribution Database Use the Same Identifier: the Senator's Name.,self_owned,,,,1594,8,,false,true,false,false,4,,Thu Apr 02 2026 21:53:47 GMT+0000 (Coordinated Universal Time),0,0,7,self_owned; inflation_reduction_act; energy_sector; fec; campaign_finance; clean_energy; primary_sources
CB-000142,"The House Republican Conference Banned Earmarks on January 6, 2011. The Appropriations Committee Publishes Every Community Project Funding Request in a Public Database.",self_owned,,,,1638,9,,false,true,false,false,4,,Thu Apr 02 2026 21:53:47 GMT+0000 (Coordinated Universal Time),1,0,7,self_owned; earmarks; community_project_funding; appropriations; congressional_record; gao; primary_sources
CB-000143,Congressional Investigators File Annual Financial Disclosures. The Database That Holds Them Is the Same Database the Public Can Search. Both Records Are in the Same System.,self_owned,,,,1584,7,,false,true,false,false,4,,Thu Apr 02 2026 21:53:47 GMT+0000 (Coordinated Universal Time),1,0,6,self_owned; ethics_in_government; financial_disclosure; congressional_oversight; stock_act; primary_sources
CB-000144,"Every Member of Congress Who Voted to Repeal the Affordable Care Act Was Enrolled in a Government-Administered, Government-Subsidized Health Insurance Program While Doing So.",self_owned,,,,1830,10,,false,true,false,false,5,,Thu Apr 02 2026 21:53:47 GMT+0000 (Coordinated Universal Time),3,0,7,self_owned; aca; fehb; healthcare; government_insurance; repeal_votes; primary_sources
CB-000145,The FEC's 2024 Cycle Data Shows 300 Families Contributed an Estimated 19 Percent of All Federal Political Spending. 155 Million Americans Voted.,money_and_power,,,,2023,,,false,true,false,false,4,,Thu Apr 02 2026 22:50:32 GMT+0000 (Coordinated Universal Time),0,0,7,money_and_power; campaign_finance; billionaires; fec; donor_concentration; political_spending; primary_sources
CB-000146,"Fairshake, the Crypto Industry's Super PAC, Had $221 Million Cash on Hand as of Early 2026. Its Two Largest Donors Are Also the Two Companies Most Exposed to the Regulation It Is Spending to Shape.",money_and_power,,,,1904,,,false,true,false,false,4,,Thu Apr 02 2026 22:50:32 GMT+0000 (Coordinated Universal Time),1,0,9,money_and_power; crypto; super_pac; fec; campaign_finance; coinbase; ripple; regulatory_capture; primary_sources
CB-000147,"The FY2026 Defense Budget Is $838.7 Billion, Including $9.4 Billion Congress Added Above What the Pentagon Requested. The DoD Has Failed Every Audit Since 2018.",money_and_power,,,,1910,,,false,true,false,false,4,,Thu Apr 02 2026 22:50:32 GMT+0000 (Coordinated Universal Time),0,0,7,money_and_power; defense_spending; national_debt; brac; dod_audit; military_budget; primary_sources
CB-000148,"The March 20, 2026 White House AI Framework Calls for Federal Preemption of State AI Laws. The Lobbying Record and the State Laws It Would Supersede Are Both Public.",money_and_power,,,,1933,,,false,true,false,false,4,,Thu Apr 02 2026 22:50:32 GMT+0000 (Coordinated Universal Time),0,0,7,money_and_power; artificial_intelligence; preemption; lobbying; tech_regulation; state_law; primary_sources
CB-000149,"Bost v. Illinois (607 U.S. 107, January 14, 2026): The Supreme Court Clarified When a Candidate Has Standing to Challenge Election Procedures Before a Vote Is Cast.",law_and_justice,,,,1631,,,false,true,false,false,4,,Thu Apr 02 2026 22:50:32 GMT+0000 (Coordinated Universal Time),0,0,7,law_and_justice; supreme_court; standing_doctrine; election_law; article_iii; candidate_rights; primary_sources
CB-000150,Bowe v. United States (Docket 24-5438): The Supreme Court Will Decide Whether a Geofence Warrant Capturing Thousands of People's Location Data Requires Individualized Probable Cause.,law_and_justice,,,,1768,,,false,true,false,false,4,,Thu Apr 02 2026 22:50:32 GMT+0000 (Coordinated Universal Time),0,0,7,law_and_justice; fourth_amendment; geofence; supreme_court; digital_privacy; fourth_amendment; primary_sources
CB-000151,"Hunter v. United (Argued January 16, 2026): The Supreme Court Will Set the Standard for How Hard It Is to Sue Over Your Retirement Fund Being Mismanaged.",law_and_justice,,,,1789,,,false,true,false,false,4,,Thu Apr 02 2026 22:50:32 GMT+0000 (Coordinated Universal Time),0,0,7,law_and_justice; erisa; supreme_court; retirement_funds; fiduciary_duty; pleading_standard; primary_sources